Date,Open,High,Low,Close,Volume
2020-04-01 00:00:00,0.020706,0.020938,0.020693,0.02093,18507.049
2020-04-01 01:00:00,0.02093,0.020942,0.0209,0.020908,5013.478
2020-04-01 02:00:00,0.020908,0.020961,0.020888,0.020948,5725.172
2020-04-01 03:00:00,0.020943,0.020964,0.020866,0.020867,9308.135
2020-04-01 04:00:00,0.020867,0.02096,0.020867,0.020928,3217.846
2020-04-01 05:00:00,0.020926,0.02098,0.020926,0.020935,6407.725
2020-04-01 06:00:00,0.020935,0.020992,0.020923,0.02098,5576.064
2020-04-01 07:00:00,0.020981,0.020984,0.020899,0.020918,4539.768
2020-04-01 08:00:00,0.020922,0.020964,0.020875,0.020928,7750.375
2020-04-01 09:00:00,0.020928,0.020989,0.020917,0.02097,4827.785
2020-04-01 10:00:00,0.020974,0.020974,0.020919,0.020966,4456.296
2020-04-01 11:00:00,0.020966,0.021011,0.020944,0.021011,4529.416
2020-04-01 12:00:00,0.02101,0.021156,0.02101,0.021122,12162.253
2020-04-01 13:00:00,0.021122,0.02113,0.021058,0.021058,10043.965
2020-04-01 14:00:00,0.021059,0.021068,0.020994,0.021046,5713.74
2020-04-01 15:00:00,0.021049,0.021069,0.02102,0.02104,3440.904
2020-04-01 16:00:00,0.021039,0.02106,0.02084,0.020912,20813.148
2020-04-01 17:00:00,0.020919,0.02093,0.020884,0.020919,7261.447
2020-04-01 18:00:00,0.020917,0.020926,0.020887,0.020915,3094.778
2020-04-01 19:00:00,0.020918,0.02095,0.02089,0.020946,6207.908
2020-04-01 20:00:00,0.020947,0.020947,0.020751,0.020789,13483.968
2020-04-01 21:00:00,0.02079,0.020793,0.0207,0.020735,6065.306
2020-04-01 22:00:00,0.020728,0.020741,0.020412,0.020439,33133.216
2020-04-01 23:00:00,0.020441,0.020574,0.02039,0.02042,29274.054
2020-04-02 00:00:00,0.020422,0.020648,0.02042,0.020553,19389.788
2020-04-02 01:00:00,0.020559,0.020651,0.02055,0.020581,5425.925
2020-04-02 02:00:00,0.020581,0.020611,0.02054,0.020586,6368.596
2020-04-02 03:00:00,0.020582,0.020634,0.02055,0.020629,2588.087
2020-04-02 04:00:00,0.020633,0.020658,0.020575,0.020595,4154.104
2020-04-02 05:00:00,0.0206,0.020652,0.020589,0.020608,3260.786
2020-04-02 06:00:00,0.020615,0.020689,0.020591,0.020664,4062.023
2020-04-02 07:00:00,0.02067,0.020688,0.020625,0.020675,3444.21
2020-04-02 08:00:00,0.020668,0.020683,0.020626,0.020644,4641.86
2020-04-02 09:00:00,0.020646,0.02067,0.020595,0.020608,3029.58
2020-04-02 10:00:00,0.020608,0.020688,0.020574,0.020625,5704.302
2020-04-02 11:00:00,0.020624,0.02068,0.020583,0.020584,7252.577
2020-04-02 12:00:00,0.020584,0.020636,0.020561,0.020621,10921.542
2020-04-02 13:00:00,0.020619,0.020629,0.020535,0.020547,6590.141
2020-04-02 14:00:00,0.020542,0.020591,0.020447,0.020504,14106.69
2020-04-02 15:00:00,0.020504,0.020532,0.020445,0.020472,9736.791
2020-04-02 16:00:00,0.020471,0.020747,0.020451,0.020744,24543.79
2020-04-02 17:00:00,0.020745,0.021112,0.020494,0.020529,72044.189
2020-04-02 18:00:00,0.020529,0.020836,0.020526,0.020692,32184.252
2020-04-02 19:00:00,0.020687,0.0208,0.020648,0.020705,9763.428
2020-04-02 20:00:00,0.020703,0.020875,0.020702,0.020844,11590.049
2020-04-02 21:00:00,0.020849,0.020922,0.020804,0.020849,10140.836
2020-04-02 22:00:00,0.020856,0.020861,0.020721,0.020797,9466.067
2020-04-02 23:00:00,0.020795,0.020864,0.020697,0.020797,12175.824
2020-04-03 00:00:00,0.020797,0.020909,0.020757,0.020896,16233.731
2020-04-03 01:00:00,0.020897,0.020903,0.020829,0.020902,6119.339
2020-04-03 02:00:00,0.020903,0.020908,0.020863,0.020899,6741.918
2020-04-03 03:00:00,0.0209,0.020921,0.02087,0.020877,15913.127
2020-04-03 04:00:00,0.020869,0.0209,0.020856,0.020895,3734.957
2020-04-03 05:00:00,0.020895,0.0209,0.020859,0.0209,5750.482
2020-04-03 06:00:00,0.0209,0.02092,0.020889,0.020914,8769.203
2020-04-03 07:00:00,0.020912,0.021007,0.020837,0.020864,11970.374
2020-04-03 08:00:00,0.020865,0.02093,0.020772,0.020797,8157.631
2020-04-03 09:00:00,0.020795,0.020881,0.02076,0.020823,6331.103
2020-04-03 10:00:00,0.020824,0.020881,0.020795,0.020839,6659.401
2020-04-03 11:00:00,0.020839,0.020896,0.020817,0.02086,13942.586
2020-04-03 12:00:00,0.020865,0.020982,0.020811,0.020936,13289.547
2020-04-03 13:00:00,0.020934,0.02096,0.020827,0.02095,5864.016
2020-04-03 14:00:00,0.02095,0.020981,0.020829,0.020885,10061.148
2020-04-03 15:00:00,0.020885,0.021057,0.020856,0.021056,9541.746
2020-04-03 16:00:00,0.021056,0.021077,0.020813,0.020882,19686.084
2020-04-03 17:00:00,0.020882,0.020954,0.020863,0.020945,6743.266
2020-04-03 18:00:00,0.020943,0.021004,0.020923,0.020991,5254.431
2020-04-03 19:00:00,0.020984,0.02104,0.020907,0.021018,5379.831
2020-04-03 20:00:00,0.021021,0.021028,0.020929,0.020997,8171.375
2020-04-03 21:00:00,0.020993,0.021068,0.020944,0.020971,6489.023
2020-04-03 22:00:00,0.020976,0.021012,0.020927,0.02096,2808.787
2020-04-03 23:00:00,0.020966,0.02103,0.020944,0.02099,5645.749
2020-04-04 00:00:00,0.020992,0.021021,0.020921,0.020927,5175.24
2020-04-04 01:00:00,0.020927,0.020965,0.020907,0.02092,3356.123
2020-04-04 02:00:00,0.020925,0.020983,0.020867,0.02091,4762.902
2020-04-04 03:00:00,0.020904,0.020917,0.020816,0.02087,5613.464
2020-04-04 04:00:00,0.020869,0.020917,0.02083,0.020897,3930.702
2020-04-04 05:00:00,0.0209,0.020908,0.020823,0.020824,3484.244
2020-04-04 06:00:00,0.020824,0.020937,0.020813,0.020917,4023.0
2020-04-04 07:00:00,0.020921,0.020988,0.020915,0.020954,5649.556
2020-04-04 08:00:00,0.020953,0.021004,0.02094,0.02094,6360.348
2020-04-04 09:00:00,0.02094,0.021011,0.020847,0.020916,15361.856
2020-04-04 10:00:00,0.020916,0.020963,0.020883,0.020884,6618.6
2020-04-04 11:00:00,0.020884,0.02105,0.020864,0.021021,13721.452
2020-04-04 12:00:00,0.021023,0.02105,0.020981,0.021017,4812.212
2020-04-04 13:00:00,0.021023,0.02108,0.021006,0.021074,5301.734
2020-04-04 14:00:00,0.021075,0.021109,0.021059,0.021107,8214.159
2020-04-04 15:00:00,0.021107,0.021152,0.0211,0.021146,8636.576
2020-04-04 16:00:00,0.021148,0.021198,0.021131,0.021181,15969.764
2020-04-04 17:00:00,0.021189,0.021229,0.02112,0.021121,13062.391
2020-04-04 18:00:00,0.021119,0.021142,0.02108,0.021123,4429.906
2020-04-04 19:00:00,0.02112,0.02119,0.021119,0.021169,3801.859
2020-04-04 20:00:00,0.021173,0.021202,0.02085,0.020997,40329.873
2020-04-04 21:00:00,0.021006,0.021006,0.020899,0.021,4479.725
2020-04-04 22:00:00,0.021,0.021078,0.020957,0.021022,9052.296
2020-04-04 23:00:00,0.021027,0.021068,0.02101,0.021015,3186.185
2020-04-05 00:00:00,0.021015,0.021148,0.020999,0.021074,7266.57
2020-04-05 01:00:00,0.021074,0.021146,0.021066,0.021146,4070.337
2020-04-05 02:00:00,0.021146,0.021199,0.021097,0.02113,4794.37
2020-04-05 03:00:00,0.021123,0.021179,0.021076,0.021172,4302.307
2020-04-05 04:00:00,0.021167,0.021177,0.02109,0.021123,2930.766
2020-04-05 05:00:00,0.021123,0.021154,0.021005,0.021045,3260.046
2020-04-05 06:00:00,0.021042,0.021123,0.020994,0.021121,4462.476
2020-04-05 07:00:00,0.021121,0.021123,0.021049,0.021066,2940.839
2020-04-05 08:00:00,0.021067,0.021082,0.021002,0.021081,3342.017
2020-04-05 09:00:00,0.021075,0.021097,0.021047,0.021064,3754.231
2020-04-05 10:00:00,0.021064,0.021092,0.021015,0.021075,3410.1
2020-04-05 11:00:00,0.021072,0.021103,0.021018,0.021084,3667.839
2020-04-05 12:00:00,0.021091,0.021122,0.021078,0.021116,2752.548
2020-04-05 13:00:00,0.021116,0.021181,0.021083,0.021152,6330.983
2020-04-05 14:00:00,0.021149,0.021193,0.02113,0.02114,3676.8
2020-04-05 15:00:00,0.02114,0.021188,0.021124,0.021172,5360.679
2020-04-05 16:00:00,0.021175,0.021178,0.021031,0.021037,6828.606
2020-04-05 17:00:00,0.021042,0.021165,0.020966,0.021085,21658.049
2020-04-05 18:00:00,0.021079,0.021141,0.021032,0.021044,4597.495
2020-04-05 19:00:00,0.021046,0.021109,0.021041,0.021087,2640.068
2020-04-05 20:00:00,0.021084,0.021103,0.02102,0.02107,4019.746
2020-04-05 21:00:00,0.021078,0.021105,0.021039,0.021086,1911.021
2020-04-05 22:00:00,0.021087,0.021131,0.021051,0.021081,2800.414
2020-04-05 23:00:00,0.021084,0.021091,0.021034,0.021063,2078.172
2020-04-06 00:00:00,0.021068,0.021124,0.021033,0.021047,4579.696
2020-04-06 01:00:00,0.021055,0.021082,0.021013,0.021082,2998.95
2020-04-06 02:00:00,0.021078,0.021102,0.021016,0.021059,2711.773
2020-04-06 03:00:00,0.021061,0.021074,0.021042,0.021051,2503.352
2020-04-06 04:00:00,0.021052,0.021321,0.021049,0.021317,31826.87
2020-04-06 05:00:00,0.021319,0.021441,0.02125,0.021282,31321.507
2020-04-06 06:00:00,0.021284,0.021316,0.021201,0.021223,15643.953
2020-04-06 07:00:00,0.021223,0.021362,0.0212,0.021261,13499.575
2020-04-06 08:00:00,0.02126,0.021291,0.021206,0.021278,7333.9
2020-04-06 09:00:00,0.021279,0.021781,0.021279,0.021701,43182.888
2020-04-06 10:00:00,0.021702,0.021762,0.021595,0.021628,11715.727
2020-04-06 11:00:00,0.021624,0.021739,0.021606,0.021727,13144.892
2020-04-06 12:00:00,0.021732,0.021915,0.021626,0.021892,22889.265
2020-04-06 13:00:00,0.021887,0.022203,0.021866,0.02195,44954.699
2020-04-06 14:00:00,0.021955,0.022017,0.02186,0.021963,14686.414
2020-04-06 15:00:00,0.021962,0.022578,0.021958,0.022576,32562.683
2020-04-06 16:00:00,0.022576,0.022968,0.022447,0.022873,46745.042
2020-04-06 17:00:00,0.022885,0.0231,0.02276,0.023013,29182.422
2020-04-06 18:00:00,0.023021,0.023022,0.022794,0.02292,13809.967
2020-04-06 19:00:00,0.02292,0.02298,0.022722,0.022722,15647.278
2020-04-06 20:00:00,0.022722,0.02277,0.022423,0.02271,23848.477
2020-04-06 21:00:00,0.02271,0.02283,0.022621,0.02278,13173.899
2020-04-06 22:00:00,0.022773,0.022806,0.022665,0.022791,7243.222
2020-04-06 23:00:00,0.022786,0.023444,0.022774,0.023375,40167.596
2020-04-07 00:00:00,0.023377,0.023717,0.023227,0.02325,38435.405
2020-04-07 01:00:00,0.023254,0.023425,0.023116,0.023129,18245.951
2020-04-07 02:00:00,0.023133,0.023275,0.02301,0.023242,17936.575
2020-04-07 03:00:00,0.023242,0.02343,0.023127,0.023353,19665.34
2020-04-07 04:00:00,0.023351,0.0234,0.023248,0.023343,15243.37
2020-04-07 05:00:00,0.023345,0.023419,0.023277,0.023377,13581.372
2020-04-07 06:00:00,0.023379,0.023393,0.023254,0.023393,12549.055
2020-04-07 07:00:00,0.023394,0.023696,0.023385,0.023547,48821.894
2020-04-07 08:00:00,0.023555,0.023578,0.023413,0.023511,23595.165
2020-04-07 09:00:00,0.023511,0.023581,0.023404,0.023568,12899.033
2020-04-07 10:00:00,0.023568,0.023599,0.023485,0.023503,12644.655
2020-04-07 11:00:00,0.023505,0.023523,0.023313,0.023351,13342.254
2020-04-07 12:00:00,0.023351,0.023474,0.023226,0.023238,23616.546
2020-04-07 13:00:00,0.023238,0.023384,0.023218,0.023271,14105.58
2020-04-07 14:00:00,0.023274,0.023281,0.023002,0.023109,27795.823
2020-04-07 15:00:00,0.023104,0.023183,0.023041,0.023101,10217.063
2020-04-07 16:00:00,0.0231,0.023469,0.0231,0.023436,19996.333
2020-04-07 17:00:00,0.023434,0.023454,0.023312,0.023409,11227.395
2020-04-07 18:00:00,0.023401,0.023416,0.023179,0.023223,11380.169
2020-04-07 19:00:00,0.023226,0.023289,0.023162,0.023201,7565.956
2020-04-07 20:00:00,0.023201,0.023301,0.022925,0.022982,23729.143
2020-04-07 21:00:00,0.022975,0.023368,0.02291,0.023277,15870.375
2020-04-07 22:00:00,0.023278,0.023278,0.023172,0.023197,9596.874
2020-04-07 23:00:00,0.023195,0.023201,0.022744,0.022872,15293.734
2020-04-08 00:00:00,0.022872,0.023036,0.022772,0.022983,10649.302
2020-04-08 01:00:00,0.022981,0.023047,0.022867,0.022879,4946.293
2020-04-08 02:00:00,0.022888,0.023242,0.022872,0.023231,20885.054
2020-04-08 03:00:00,0.02323,0.023588,0.023208,0.023415,22597.763
2020-04-08 04:00:00,0.023408,0.023523,0.023292,0.023443,11192.924
2020-04-08 05:00:00,0.023442,0.0235,0.023312,0.0235,7140.214
2020-04-08 06:00:00,0.0235,0.023528,0.023152,0.02324,22209.381
2020-04-08 07:00:00,0.023241,0.023353,0.023241,0.023252,7427.808
2020-04-08 08:00:00,0.023259,0.02332,0.023066,0.023144,11209.296
2020-04-08 09:00:00,0.023147,0.023241,0.023077,0.023131,11066.311
2020-04-08 10:00:00,0.023131,0.0232,0.022979,0.023077,16462.37
2020-04-08 11:00:00,0.023066,0.023186,0.023034,0.023129,6052.633
2020-04-08 12:00:00,0.023131,0.023242,0.023123,0.023217,7414.102
2020-04-08 13:00:00,0.023216,0.023248,0.02309,0.0231,4822.819
2020-04-08 14:00:00,0.023109,0.023249,0.023109,0.023185,5781.006
2020-04-08 15:00:00,0.023189,0.023312,0.023181,0.023237,6797.394
2020-04-08 16:00:00,0.023238,0.023334,0.023181,0.023274,14879.737
2020-04-08 17:00:00,0.023274,0.023332,0.023231,0.023319,5483.215
2020-04-08 18:00:00,0.02332,0.023373,0.023308,0.023348,7337.609
2020-04-08 19:00:00,0.02335,0.023406,0.02326,0.02331,7267.262
2020-04-08 20:00:00,0.023313,0.023519,0.023306,0.023498,8761.258
2020-04-08 21:00:00,0.023492,0.023539,0.023429,0.023436,15042.511
2020-04-08 22:00:00,0.023437,0.023522,0.023416,0.02346,5350.023
2020-04-08 23:00:00,0.02346,0.023519,0.02345,0.023517,5168.158
2020-04-09 00:00:00,0.02352,0.023542,0.023416,0.023523,6237.007
2020-04-09 01:00:00,0.023526,0.023526,0.023309,0.023389,6190.897
2020-04-09 02:00:00,0.023397,0.023481,0.023357,0.023438,5859.713
2020-04-09 03:00:00,0.023436,0.023437,0.023341,0.023353,4996.174
2020-04-09 04:00:00,0.023354,0.023366,0.02323,0.023299,7003.627
2020-04-09 05:00:00,0.023303,0.023357,0.023273,0.023354,3468.225
2020-04-09 06:00:00,0.023358,0.023389,0.023308,0.023371,4256.119
2020-04-09 07:00:00,0.023369,0.02352,0.023355,0.02352,6762.105
2020-04-09 08:00:00,0.02352,0.023584,0.023451,0.023513,12953.393
2020-04-09 09:00:00,0.023513,0.023528,0.023363,0.023373,7432.471
2020-04-09 10:00:00,0.023377,0.023435,0.023311,0.023406,7836.876
2020-04-09 11:00:00,0.023406,0.023482,0.0233,0.023377,8348.386
2020-04-09 12:00:00,0.023375,0.023486,0.023209,0.023387,22850.624
2020-04-09 13:00:00,0.02339,0.023413,0.023311,0.023356,9702.079
2020-04-09 14:00:00,0.023357,0.023385,0.02327,0.023348,7323.61
2020-04-09 15:00:00,0.02335,0.023358,0.023235,0.023335,5870.32
2020-04-09 16:00:00,0.023336,0.023378,0.023275,0.023312,5398.66
2020-04-09 17:00:00,0.023304,0.023354,0.023272,0.023317,4927.786
2020-04-09 18:00:00,0.023313,0.023333,0.023221,0.023243,5453.836
2020-04-09 19:00:00,0.023248,0.023303,0.023213,0.023289,4279.098
2020-04-09 20:00:00,0.023297,0.023373,0.023253,0.023341,3424.312
2020-04-09 21:00:00,0.02334,0.023348,0.023241,0.023341,2695.05
2020-04-09 22:00:00,0.023348,0.023382,0.023283,0.023355,3942.4
2020-04-09 23:00:00,0.023355,0.023378,0.023275,0.023275,2540.083
2020-04-10 00:00:00,0.02328,0.02334,0.023259,0.023301,4336.369
2020-04-10 01:00:00,0.023306,0.023327,0.023244,0.023245,3346.648
2020-04-10 02:00:00,0.023245,0.02326,0.023141,0.023202,8726.858
2020-04-10 03:00:00,0.023202,0.023238,0.022734,0.022773,39948.643
2020-04-10 04:00:00,0.02277,0.022906,0.022426,0.022873,25419.887
2020-04-10 05:00:00,0.022873,0.023335,0.022872,0.02313,50745.937
2020-04-10 06:00:00,0.023131,0.023188,0.023075,0.023084,8059.612
2020-04-10 07:00:00,0.023082,0.023103,0.022717,0.02283,40589.432
2020-04-10 08:00:00,0.022826,0.022912,0.022667,0.022824,15953.833
2020-04-10 09:00:00,0.022821,0.022919,0.022759,0.022868,11327.515
2020-04-10 10:00:00,0.022868,0.022958,0.022852,0.022916,9697.876
2020-04-10 11:00:00,0.022916,0.022919,0.022823,0.022883,6530.736
2020-04-10 12:00:00,0.022879,0.022929,0.022871,0.022904,7346.292
2020-04-10 13:00:00,0.022909,0.022982,0.02284,0.022915,15820.743
2020-04-10 14:00:00,0.022915,0.022968,0.022878,0.02295,8564.098
2020-04-10 15:00:00,0.022948,0.022966,0.022564,0.022621,25641.77
2020-04-10 16:00:00,0.022621,0.022826,0.022551,0.022816,14266.628
2020-04-10 17:00:00,0.022816,0.02296,0.022755,0.02293,13567.199
2020-04-10 18:00:00,0.022933,0.022934,0.022664,0.022803,8796.119
2020-04-10 19:00:00,0.022806,0.022944,0.022805,0.022923,6615.384
2020-04-10 20:00:00,0.022919,0.02299,0.022905,0.02299,4656.683
2020-04-10 21:00:00,0.022982,0.023136,0.022982,0.022997,13131.572
2020-04-10 22:00:00,0.022997,0.023147,0.022964,0.02303,5931.145
2020-04-10 23:00:00,0.02303,0.023106,0.022915,0.023003,5405.084
2020-04-11 00:00:00,0.023008,0.023153,0.023002,0.023093,8287.495
2020-04-11 01:00:00,0.023092,0.023176,0.023085,0.023157,6434.216
2020-04-11 02:00:00,0.023159,0.023192,0.02308,0.02313,7352.783
2020-04-11 03:00:00,0.023134,0.023185,0.023105,0.023167,4300.109
2020-04-11 04:00:00,0.023167,0.023267,0.02314,0.02316,8731.579
2020-04-11 05:00:00,0.023165,0.023224,0.023113,0.023213,4178.684
2020-04-11 06:00:00,0.023217,0.02323,0.023128,0.023164,5891.603
2020-04-11 07:00:00,0.023163,0.023163,0.023014,0.023074,9038.577
2020-04-11 08:00:00,0.023071,0.023124,0.023036,0.023087,5629.481
2020-04-11 09:00:00,0.023089,0.023119,0.023019,0.023088,5779.404
2020-04-11 10:00:00,0.023088,0.023108,0.022932,0.022994,5744.388
2020-04-11 11:00:00,0.022991,0.023125,0.02295,0.023102,6309.01
2020-04-11 12:00:00,0.023106,0.023129,0.023067,0.023083,5673.029
2020-04-11 13:00:00,0.023087,0.023087,0.022999,0.023061,4800.23
2020-04-11 14:00:00,0.023066,0.023067,0.022968,0.022982,4986.869
2020-04-11 15:00:00,0.022982,0.023067,0.022979,0.023032,4075.056
2020-04-11 16:00:00,0.023032,0.02307,0.022846,0.022861,10441.23
2020-04-11 17:00:00,0.022867,0.022973,0.022834,0.022942,7496.729
2020-04-11 18:00:00,0.022943,0.023062,0.022897,0.023022,4893.596
2020-04-11 19:00:00,0.023021,0.023021,0.02287,0.022878,3980.307
2020-04-11 20:00:00,0.022878,0.022892,0.022769,0.022802,8980.325
2020-04-11 21:00:00,0.022805,0.022887,0.022744,0.022879,8119.852
2020-04-11 22:00:00,0.022885,0.023072,0.022876,0.022986,12624.405
2020-04-11 23:00:00,0.022995,0.023048,0.022917,0.023022,5395.872
2020-04-12 00:00:00,0.023022,0.023107,0.022958,0.022958,5228.088
2020-04-12 01:00:00,0.022963,0.023025,0.02296,0.02297,2930.422
2020-04-12 02:00:00,0.022966,0.023052,0.022963,0.023013,3007.216
2020-04-12 03:00:00,0.023014,0.023035,0.02286,0.022865,4772.735
2020-04-12 04:00:00,0.022865,0.022977,0.022838,0.022955,5864.292
2020-04-12 05:00:00,0.022953,0.02301,0.022918,0.022981,5141.016
2020-04-12 06:00:00,0.022986,0.023017,0.022952,0.022977,2143.596
2020-04-12 07:00:00,0.022981,0.023016,0.022941,0.022998,2569.736
2020-04-12 08:00:00,0.023,0.023076,0.023,0.023032,5394.042
2020-04-12 09:00:00,0.023032,0.02311,0.023025,0.023061,6747.119
2020-04-12 10:00:00,0.023063,0.023095,0.023006,0.023006,4455.821
2020-04-12 11:00:00,0.023013,0.023123,0.022999,0.023076,4763.434
2020-04-12 12:00:00,0.023076,0.023153,0.023059,0.02308,8565.94
2020-04-12 13:00:00,0.023076,0.02316,0.023076,0.023135,6435.047
2020-04-12 14:00:00,0.023138,0.023212,0.023004,0.023012,12358.703
2020-04-12 15:00:00,0.023009,0.023112,0.023,0.023078,9627.606
2020-04-12 16:00:00,0.023086,0.023093,0.022865,0.022907,23206.126
2020-04-12 17:00:00,0.022906,0.023033,0.022814,0.022964,15937.19
2020-04-12 18:00:00,0.022969,0.023031,0.022859,0.02291,6117.375
2020-04-12 19:00:00,0.022903,0.023038,0.022897,0.023018,6794.459
2020-04-12 20:00:00,0.023024,0.023066,0.022963,0.023014,4977.062
2020-04-12 21:00:00,0.023014,0.02304,0.022958,0.023002,1729.471
2020-04-12 22:00:00,0.023003,0.023092,0.022953,0.023011,7777.685
2020-04-12 23:00:00,0.023007,0.02309,0.022893,0.022979,12954.255
2020-04-13 00:00:00,0.022977,0.023073,0.022678,0.022831,45572.666
2020-04-13 01:00:00,0.022835,0.022944,0.022736,0.022934,10331.266
2020-04-13 02:00:00,0.022935,0.022935,0.022843,0.022914,5658.594
2020-04-13 03:00:00,0.022912,0.022923,0.022805,0.022823,6521.327
2020-04-13 04:00:00,0.022815,0.022891,0.022736,0.022834,7749.692
2020-04-13 05:00:00,0.022826,0.022842,0.022727,0.022745,4489.052
2020-04-13 06:00:00,0.022743,0.022844,0.022715,0.022786,8032.688
2020-04-13 07:00:00,0.022784,0.0228,0.022719,0.022752,6068.906
2020-04-13 08:00:00,0.022752,0.022772,0.02271,0.022738,8536.392
2020-04-13 09:00:00,0.022739,0.022745,0.0226,0.022629,12288.077
2020-04-13 10:00:00,0.022629,0.022848,0.022626,0.022847,11755.728
2020-04-13 11:00:00,0.022847,0.022952,0.022779,0.022909,26674.317
2020-04-13 12:00:00,0.022909,0.022998,0.022784,0.022911,14028.111
2020-04-13 13:00:00,0.02291,0.02291,0.022792,0.02288,8511.275
2020-04-13 14:00:00,0.022874,0.022874,0.022749,0.022796,8835.818
2020-04-13 15:00:00,0.022795,0.022851,0.022732,0.022766,5823.261
2020-04-13 16:00:00,0.022769,0.022785,0.022704,0.022754,5411.274
2020-04-13 17:00:00,0.022763,0.022806,0.022729,0.022754,6086.316
2020-04-13 18:00:00,0.022753,0.022814,0.022745,0.022766,3316.623
2020-04-13 19:00:00,0.022774,0.022848,0.022767,0.022821,3707.087
2020-04-13 20:00:00,0.02283,0.02296,0.022829,0.022943,9368.398
2020-04-13 21:00:00,0.022944,0.023118,0.0229,0.022923,26045.848
2020-04-13 22:00:00,0.022912,0.023028,0.022909,0.022971,8125.841
2020-04-13 23:00:00,0.022975,0.02302,0.022856,0.022856,4000.216
2020-04-14 00:00:00,0.022856,0.022944,0.022818,0.022838,4665.151
2020-04-14 01:00:00,0.02284,0.022964,0.022819,0.02295,5030.691
2020-04-14 02:00:00,0.022952,0.023002,0.022938,0.022977,5809.67
2020-04-14 03:00:00,0.022977,0.023006,0.022923,0.022938,5182.955
2020-04-14 04:00:00,0.022945,0.022992,0.022904,0.022959,4974.836
2020-04-14 05:00:00,0.022956,0.022963,0.022901,0.022913,2910.254
2020-04-14 06:00:00,0.022918,0.022949,0.022852,0.022861,3784.467
2020-04-14 07:00:00,0.022861,0.023012,0.02286,0.022965,8967.487
2020-04-14 08:00:00,0.022965,0.02308,0.022929,0.023058,6439.503
2020-04-14 09:00:00,0.02305,0.023114,0.023034,0.023043,6026.355
2020-04-14 10:00:00,0.023041,0.023061,0.022864,0.022885,5887.993
2020-04-14 11:00:00,0.022886,0.022964,0.022886,0.022952,5309.348
2020-04-14 12:00:00,0.022954,0.022991,0.022895,0.02296,4926.185
2020-04-14 13:00:00,0.02296,0.023036,0.022941,0.022966,7673.429
2020-04-14 14:00:00,0.022961,0.023189,0.022945,0.023068,30688.038
2020-04-14 15:00:00,0.023061,0.02316,0.023061,0.023146,10367.176
2020-04-14 16:00:00,0.023145,0.023235,0.023066,0.023186,13072.405
2020-04-14 17:00:00,0.023187,0.023216,0.023028,0.023057,6440.299
2020-04-14 18:00:00,0.023057,0.023241,0.023057,0.023211,8755.736
2020-04-14 19:00:00,0.02321,0.023219,0.023111,0.023134,4538.379
2020-04-14 20:00:00,0.023139,0.023242,0.023112,0.023153,5269.535
2020-04-14 21:00:00,0.023161,0.023212,0.023095,0.023178,3099.05
2020-04-14 22:00:00,0.023184,0.023273,0.023153,0.023186,6067.299
2020-04-14 23:00:00,0.023186,0.023209,0.023018,0.023072,6047.419
2020-04-15 00:00:00,0.023069,0.023069,0.022856,0.022968,19997.586
2020-04-15 01:00:00,0.02297,0.023067,0.022931,0.023063,14311.39
2020-04-15 02:00:00,0.023064,0.023199,0.023048,0.023187,9868.404
2020-04-15 03:00:00,0.023188,0.023218,0.023128,0.023211,6707.884
2020-04-15 04:00:00,0.023218,0.023265,0.023167,0.023169,8729.021
2020-04-15 05:00:00,0.023169,0.023249,0.02315,0.023245,8287.718
2020-04-15 06:00:00,0.023245,0.023323,0.023202,0.023208,6745.149
2020-04-15 07:00:00,0.023208,0.023261,0.02317,0.023245,5006.863
2020-04-15 08:00:00,0.023247,0.023255,0.023123,0.023151,10548.855
2020-04-15 09:00:00,0.023156,0.023229,0.023113,0.023219,7239.753
2020-04-15 10:00:00,0.023222,0.023281,0.023175,0.023216,10123.919
2020-04-15 11:00:00,0.023222,0.023296,0.02318,0.023255,16936.513
2020-04-15 12:00:00,0.023255,0.023307,0.02321,0.023236,23481.378
2020-04-15 13:00:00,0.023232,0.023345,0.023218,0.02328,21341.872
2020-04-15 14:00:00,0.023277,0.023356,0.023244,0.023356,8968.236
2020-04-15 15:00:00,0.023349,0.023364,0.023238,0.02325,9533.338
2020-04-15 16:00:00,0.023241,0.02335,0.023227,0.023293,8375.519
2020-04-15 17:00:00,0.023293,0.023332,0.023276,0.023297,5769.579
2020-04-15 18:00:00,0.023294,0.023354,0.02329,0.023334,5359.594
2020-04-15 19:00:00,0.023336,0.023364,0.023292,0.023316,5662.425
2020-04-15 20:00:00,0.023316,0.023394,0.023301,0.023358,6180.182
2020-04-15 21:00:00,0.023351,0.023389,0.02331,0.023333,2859.449
2020-04-15 22:00:00,0.023333,0.023337,0.023146,0.023178,20245.035
2020-04-15 23:00:00,0.023178,0.023225,0.022996,0.023067,26933.534
2020-04-16 00:00:00,0.023067,0.023102,0.022886,0.023051,21223.579
2020-04-16 01:00:00,0.023041,0.023086,0.022967,0.023084,10979.738
2020-04-16 02:00:00,0.023087,0.023125,0.02301,0.023053,6397.349
2020-04-16 03:00:00,0.023053,0.023068,0.022975,0.023006,6322.433
2020-04-16 04:00:00,0.023006,0.02304,0.022972,0.023035,4738.772
2020-04-16 05:00:00,0.023031,0.023116,0.023025,0.023097,5298.099
2020-04-16 06:00:00,0.023095,0.023275,0.023094,0.023231,20567.836
2020-04-16 07:00:00,0.023239,0.0241,0.023161,0.023873,81539.414
2020-04-16 08:00:00,0.023871,0.024737,0.023871,0.024194,47972.989
2020-04-16 09:00:00,0.024192,0.024344,0.023956,0.024055,22654.807
2020-04-16 10:00:00,0.024056,0.024189,0.024029,0.024124,16740.689
2020-04-16 11:00:00,0.024127,0.024278,0.024104,0.0242,11245.164
2020-04-16 12:00:00,0.024201,0.0245,0.024159,0.02435,20074.901
2020-04-16 13:00:00,0.02435,0.024391,0.024142,0.024171,24268.164
2020-04-16 14:00:00,0.024179,0.024334,0.024179,0.024287,9176.004
2020-04-16 15:00:00,0.024295,0.02448,0.024264,0.02448,19048.234
2020-04-16 16:00:00,0.024479,0.024516,0.024298,0.024353,17962.98
2020-04-16 17:00:00,0.024352,0.02443,0.024305,0.02437,8869.465
2020-04-16 18:00:00,0.02437,0.024431,0.024331,0.024331,5927.681
2020-04-16 19:00:00,0.024336,0.024416,0.024309,0.024385,4441.243
2020-04-16 20:00:00,0.024388,0.024475,0.024328,0.024428,7507.083
2020-04-16 21:00:00,0.024429,0.02448,0.02438,0.024455,4961.688
2020-04-16 22:00:00,0.024455,0.024462,0.024205,0.024295,12703.623
2020-04-16 23:00:00,0.024291,0.02435,0.02421,0.024262,11192.445
2020-04-17 00:00:00,0.024267,0.024303,0.024152,0.024262,11775.434
2020-04-17 01:00:00,0.024267,0.024334,0.024206,0.024301,6771.374
2020-04-17 02:00:00,0.024291,0.024291,0.02417,0.024195,6540.355
2020-04-17 03:00:00,0.024195,0.024226,0.024116,0.024203,7097.738
2020-04-17 04:00:00,0.024199,0.024218,0.023987,0.024054,7365.996
2020-04-17 05:00:00,0.024052,0.024185,0.023975,0.02417,7689.438
2020-04-17 06:00:00,0.024171,0.024171,0.023965,0.024015,11069.487
2020-04-17 07:00:00,0.024015,0.024128,0.023976,0.024098,12627.95
2020-04-17 08:00:00,0.024098,0.024204,0.02409,0.024137,8017.44
2020-04-17 09:00:00,0.024137,0.024225,0.0241,0.024168,6935.375
2020-04-17 10:00:00,0.024165,0.024176,0.024094,0.024115,5168.043
2020-04-17 11:00:00,0.024115,0.024184,0.023877,0.023933,9900.973
2020-04-17 12:00:00,0.023934,0.024024,0.023934,0.02401,5738.943
2020-04-17 13:00:00,0.024013,0.024128,0.023976,0.024107,10075.288
2020-04-17 14:00:00,0.024107,0.02416,0.024106,0.024125,4856.417
2020-04-17 15:00:00,0.024125,0.024147,0.024083,0.024136,4887.957
2020-04-17 16:00:00,0.024127,0.0242,0.024108,0.024176,2610.185
2020-04-17 17:00:00,0.024176,0.024194,0.024146,0.024162,3176.626
2020-04-17 18:00:00,0.024162,0.024164,0.02407,0.024156,3993.732
2020-04-17 19:00:00,0.024156,0.02418,0.024131,0.024178,9729.088
2020-04-17 20:00:00,0.024176,0.024221,0.024164,0.024186,4372.206
2020-04-17 21:00:00,0.024186,0.024217,0.024064,0.024085,2322.169
2020-04-17 22:00:00,0.024089,0.024162,0.024085,0.024146,2011.679
2020-04-17 23:00:00,0.024149,0.024479,0.024148,0.024285,36310.6
2020-04-18 00:00:00,0.024285,0.024461,0.024275,0.024413,11015.032
2020-04-18 01:00:00,0.024413,0.024469,0.024377,0.024464,3937.871
2020-04-18 02:00:00,0.024469,0.024545,0.02441,0.024493,9361.005
2020-04-18 03:00:00,0.024492,0.02453,0.024376,0.024401,5028.213
2020-04-18 04:00:00,0.0244,0.024489,0.024392,0.024393,4261.773
2020-04-18 05:00:00,0.024397,0.024479,0.024397,0.02443,4660.568
2020-04-18 06:00:00,0.02443,0.024479,0.024407,0.024435,3320.215
2020-04-18 07:00:00,0.024434,0.024459,0.024386,0.024435,6153.468
2020-04-18 08:00:00,0.024433,0.024457,0.024407,0.024428,4067.975
2020-04-18 09:00:00,0.024428,0.024474,0.024414,0.02444,3028.666
2020-04-18 10:00:00,0.024435,0.024458,0.024292,0.024356,10087.896
2020-04-18 11:00:00,0.024353,0.024506,0.024327,0.024506,9958.295
2020-04-18 12:00:00,0.024506,0.025187,0.024473,0.025044,36108.148
2020-04-18 13:00:00,0.025041,0.025498,0.025022,0.025359,35873.28
2020-04-18 14:00:00,0.025359,0.025386,0.025217,0.02529,15678.215
2020-04-18 15:00:00,0.025287,0.025499,0.025258,0.025472,12178.311
2020-04-18 16:00:00,0.025463,0.025499,0.02522,0.025407,17611.956
2020-04-18 17:00:00,0.025407,0.025416,0.025267,0.025367,15710.765
2020-04-18 18:00:00,0.025368,0.02538,0.025331,0.025365,12060.212
2020-04-18 19:00:00,0.025365,0.025381,0.025293,0.025313,4896.3
2020-04-18 20:00:00,0.025313,0.02537,0.02531,0.025343,3629.215
2020-04-18 21:00:00,0.025334,0.025499,0.025331,0.025499,8614.19
2020-04-18 22:00:00,0.025498,0.025996,0.025473,0.025838,40685.413
2020-04-18 23:00:00,0.025849,0.026028,0.025675,0.025855,18824.158
2020-04-19 00:00:00,0.025854,0.025926,0.025639,0.025795,10567.268
2020-04-19 01:00:00,0.025795,0.025857,0.025754,0.025829,18134.617
2020-04-19 02:00:00,0.025827,0.025993,0.025803,0.0259,11327.895
2020-04-19 03:00:00,0.0259,0.025915,0.025786,0.02584,7326.638
2020-04-19 04:00:00,0.025835,0.0259,0.025708,0.025729,6055.876
2020-04-19 05:00:00,0.025726,0.02577,0.025286,0.025322,27615.547
2020-04-19 06:00:00,0.025323,0.0256,0.025162,0.02554,19853.147
2020-04-19 07:00:00,0.02554,0.025629,0.025441,0.025497,11369.592
2020-04-19 08:00:00,0.025494,0.025572,0.025373,0.025541,7313.124
2020-04-19 09:00:00,0.025545,0.025658,0.025448,0.025651,7165.547
2020-04-19 10:00:00,0.025651,0.025697,0.025514,0.025566,15001.579
2020-04-19 11:00:00,0.025566,0.025576,0.025429,0.025539,6206.698
2020-04-19 12:00:00,0.025538,0.025563,0.025459,0.025541,5246.613
2020-04-19 13:00:00,0.025542,0.025548,0.025255,0.02538,13413.807
2020-04-19 14:00:00,0.025378,0.025381,0.024931,0.025221,36224.392
2020-04-19 15:00:00,0.02522,0.025253,0.02509,0.025191,7663.225
2020-04-19 16:00:00,0.025193,0.025411,0.025113,0.0254,16128.054
2020-04-19 17:00:00,0.0254,0.025514,0.025365,0.025428,16237.381
2020-04-19 18:00:00,0.025428,0.025478,0.025335,0.025465,11026.411
2020-04-19 19:00:00,0.02547,0.025481,0.025342,0.025397,4524.297
2020-04-19 20:00:00,0.025396,0.025408,0.025282,0.025385,5570.148
2020-04-19 21:00:00,0.025378,0.025509,0.025378,0.02548,2368.612
2020-04-19 22:00:00,0.025484,0.025526,0.025333,0.025435,6246.097
2020-04-19 23:00:00,0.025445,0.025524,0.025208,0.025282,8758.517
2020-04-20 00:00:00,0.025276,0.025457,0.025166,0.025445,8426.485
2020-04-20 01:00:00,0.025444,0.025494,0.025406,0.025437,4407.913
2020-04-20 02:00:00,0.025441,0.025583,0.025378,0.02556,5229.833
2020-04-20 03:00:00,0.025571,0.025692,0.02553,0.025682,10985.526
2020-04-20 04:00:00,0.025688,0.025866,0.025624,0.025647,12109.504
2020-04-20 05:00:00,0.025648,0.025698,0.025534,0.025638,19253.325
2020-04-20 06:00:00,0.02564,0.025677,0.025482,0.025588,5835.85
2020-04-20 07:00:00,0.025589,0.025611,0.025509,0.025611,5228.344
2020-04-20 08:00:00,0.025611,0.025621,0.025381,0.025473,10642.786
2020-04-20 09:00:00,0.025473,0.025519,0.025401,0.025483,4729.705
2020-04-20 10:00:00,0.025483,0.025529,0.025267,0.025496,16411.644
2020-04-20 11:00:00,0.025496,0.025512,0.0252,0.025234,27967.393
2020-04-20 12:00:00,0.025234,0.025555,0.024983,0.025511,43044.763
2020-04-20 13:00:00,0.025513,0.025555,0.025398,0.025425,7894.672
2020-04-20 14:00:00,0.025429,0.025471,0.025363,0.025407,7798.232
2020-04-20 15:00:00,0.025412,0.025466,0.025321,0.025365,7296.728
2020-04-20 16:00:00,0.025365,0.025421,0.025173,0.025263,12140.642
2020-04-20 17:00:00,0.025265,0.025328,0.02503,0.025298,20006.526
2020-04-20 18:00:00,0.025294,0.025464,0.025114,0.025318,22733.446
2020-04-20 19:00:00,0.025319,0.02536,0.024704,0.024747,31550.141
2020-04-20 20:00:00,0.024744,0.025036,0.024681,0.025036,13466.491
2020-04-20 21:00:00,0.025037,0.02512,0.02484,0.024867,6176.818
2020-04-20 22:00:00,0.024876,0.025152,0.024867,0.025091,8738.4
2020-04-20 23:00:00,0.025091,0.025121,0.024871,0.024928,13308.021
2020-04-21 00:00:00,0.024928,0.02512,0.024887,0.025087,12179.108
2020-04-21 01:00:00,0.025089,0.025132,0.025003,0.025038,5357.505
2020-04-21 02:00:00,0.025043,0.02505,0.024934,0.024992,7928.797
2020-04-21 03:00:00,0.024989,0.025073,0.024956,0.025053,4785.292
2020-04-21 04:00:00,0.025053,0.025138,0.025006,0.025049,4902.25
2020-04-21 05:00:00,0.025048,0.025242,0.025043,0.025229,7616.993
2020-04-21 06:00:00,0.025233,0.025304,0.025095,0.0251,11266.208
2020-04-21 07:00:00,0.0251,0.025196,0.025074,0.025149,4821.771
2020-04-21 08:00:00,0.025149,0.02516,0.024976,0.025065,9240.855
2020-04-21 09:00:00,0.025063,0.025089,0.024811,0.024974,19288.565
2020-04-21 10:00:00,0.02498,0.025057,0.024859,0.024867,6663.057
2020-04-21 11:00:00,0.024872,0.024952,0.024851,0.024898,6992.534
2020-04-21 12:00:00,0.024909,0.025061,0.024875,0.02502,6642.231
2020-04-21 13:00:00,0.025016,0.025101,0.024916,0.024977,8444.741
2020-04-21 14:00:00,0.024978,0.025232,0.024945,0.025036,19083.939
2020-04-21 15:00:00,0.025039,0.025066,0.02488,0.024934,10743.836
2020-04-21 16:00:00,0.024931,0.024995,0.0249,0.024938,7202.816
2020-04-21 17:00:00,0.024935,0.025069,0.024888,0.025008,9761.241
2020-04-21 18:00:00,0.025004,0.025004,0.024896,0.024995,5608.908
2020-04-21 19:00:00,0.025003,0.02505,0.024984,0.025022,7353.627
2020-04-21 20:00:00,0.025024,0.025079,0.024977,0.025058,4775.237
2020-04-21 21:00:00,0.025058,0.02509,0.025009,0.025056,2259.513
2020-04-21 22:00:00,0.025059,0.02508,0.024964,0.025062,4350.022
2020-04-21 23:00:00,0.025062,0.025072,0.024895,0.024955,6757.269
2020-04-22 00:00:00,0.024956,0.025032,0.024919,0.024967,5775.652
2020-04-22 01:00:00,0.024959,0.025024,0.024894,0.025006,4755.884
2020-04-22 02:00:00,0.025002,0.025064,0.024952,0.025017,3954.744
2020-04-22 03:00:00,0.025011,0.025041,0.02497,0.024997,2124.466
2020-04-22 04:00:00,0.024998,0.025041,0.024961,0.024976,2787.482
2020-04-22 05:00:00,0.024976,0.025216,0.024975,0.025195,13461.007
2020-04-22 06:00:00,0.025194,0.02522,0.02508,0.025144,13329.491
2020-04-22 07:00:00,0.025147,0.025295,0.025103,0.02523,13521.321
2020-04-22 08:00:00,0.025229,0.025288,0.025176,0.025215,8641.399
2020-04-22 09:00:00,0.025211,0.025255,0.025175,0.025175,9458.401
2020-04-22 10:00:00,0.025174,0.02522,0.025139,0.025201,6108.144
2020-04-22 11:00:00,0.025201,0.025265,0.025195,0.025233,4081.712
2020-04-22 12:00:00,0.025234,0.025262,0.025209,0.025239,4154.086
2020-04-22 13:00:00,0.02524,0.025585,0.025223,0.025495,29230.33
2020-04-22 14:00:00,0.025506,0.025702,0.025472,0.02564,20391.799
2020-04-22 15:00:00,0.025643,0.02571,0.025533,0.025684,11398.398
2020-04-22 16:00:00,0.025683,0.025741,0.025506,0.025515,19195.465
2020-04-22 17:00:00,0.025514,0.025629,0.025478,0.02557,14507.642
2020-04-22 18:00:00,0.025566,0.025615,0.025503,0.025571,5436.203
2020-04-22 19:00:00,0.025574,0.025681,0.025562,0.025631,4428.654
2020-04-22 20:00:00,0.025631,0.025738,0.025623,0.025696,7855.003
2020-04-22 21:00:00,0.025708,0.025722,0.02553,0.025537,6583.068
2020-04-22 22:00:00,0.02553,0.025641,0.025517,0.02559,6150.012
2020-04-22 23:00:00,0.025598,0.02566,0.025576,0.025647,3421.829
2020-04-23 00:00:00,0.025647,0.025694,0.025549,0.02561,5207.626
2020-04-23 01:00:00,0.025609,0.026023,0.025576,0.025924,33949.416
2020-04-23 02:00:00,0.025931,0.025991,0.025811,0.025811,20676.613
2020-04-23 03:00:00,0.025812,0.02584,0.025655,0.025655,13476.518
2020-04-23 04:00:00,0.025655,0.025699,0.025549,0.025687,10076.941
2020-04-23 05:00:00,0.025689,0.0258,0.025579,0.025585,10991.168
2020-04-23 06:00:00,0.025579,0.0256,0.025345,0.025403,27966.604
2020-04-23 07:00:00,0.025396,0.025542,0.025367,0.025475,7024.634
2020-04-23 08:00:00,0.025481,0.02562,0.025402,0.025538,14376.513
2020-04-23 09:00:00,0.025538,0.025665,0.025501,0.025656,5808.581
2020-04-23 10:00:00,0.025656,0.025717,0.025576,0.025595,6640.095
2020-04-23 11:00:00,0.025596,0.025785,0.025565,0.025732,16092.219
2020-04-23 12:00:00,0.025733,0.025813,0.025705,0.025719,12598.756
2020-04-23 13:00:00,0.025716,0.025788,0.025609,0.025645,17988.926
2020-04-23 14:00:00,0.025651,0.025689,0.024966,0.025117,74346.391
2020-04-23 15:00:00,0.025118,0.025248,0.025058,0.025126,18683.334
2020-04-23 16:00:00,0.025126,0.025149,0.024955,0.024982,26180.958
2020-04-23 17:00:00,0.024983,0.025106,0.02498,0.02507,15331.619
2020-04-23 18:00:00,0.02507,0.025134,0.025058,0.025106,6265.959
2020-04-23 19:00:00,0.025111,0.025169,0.025107,0.025159,6300.709
2020-04-23 20:00:00,0.025161,0.025177,0.025059,0.025066,10009.159
2020-04-23 21:00:00,0.025068,0.025092,0.025003,0.025074,5457.844
2020-04-23 22:00:00,0.02508,0.025107,0.024975,0.024975,6656.231
2020-04-23 23:00:00,0.024976,0.024987,0.0246,0.024795,45174.559
2020-04-24 00:00:00,0.024798,0.024926,0.024765,0.024885,17047.87
2020-04-24 01:00:00,0.024889,0.024996,0.024889,0.024969,13762.692
2020-04-24 02:00:00,0.024969,0.025085,0.024968,0.025046,15731.242
2020-04-24 03:00:00,0.025053,0.0251,0.025022,0.025024,8655.811
2020-04-24 04:00:00,0.025029,0.025064,0.024997,0.025027,8417.143
2020-04-24 05:00:00,0.025028,0.025036,0.024871,0.024892,7951.512
2020-04-24 06:00:00,0.024883,0.025025,0.024872,0.025003,5605.446
2020-04-24 07:00:00,0.025003,0.025039,0.024964,0.025004,7704.508
2020-04-24 08:00:00,0.025009,0.025025,0.024864,0.024952,6771.738
2020-04-24 09:00:00,0.024953,0.024995,0.024882,0.024898,6297.678
2020-04-24 10:00:00,0.024905,0.025003,0.024804,0.024975,14163.253
2020-04-24 11:00:00,0.02497,0.024975,0.02475,0.024849,10708.345
2020-04-24 12:00:00,0.02485,0.024964,0.024844,0.024919,8801.032
2020-04-24 13:00:00,0.024919,0.024999,0.024902,0.024963,17835.529
2020-04-24 14:00:00,0.024964,0.025043,0.024916,0.024971,16624.166
2020-04-24 15:00:00,0.02497,0.025015,0.024926,0.025,14327.552
2020-04-24 16:00:00,0.024999,0.025013,0.02492,0.024992,7598.955
2020-04-24 17:00:00,0.024999,0.02504,0.024955,0.025013,5474.443
2020-04-24 18:00:00,0.02501,0.025069,0.024973,0.025037,6040.794
2020-04-24 19:00:00,0.025037,0.025068,0.024961,0.025054,3917.523
2020-04-24 20:00:00,0.025054,0.025086,0.024969,0.024977,2817.153
2020-04-24 21:00:00,0.024978,0.02505,0.024962,0.024985,2105.047
2020-04-24 22:00:00,0.024988,0.025044,0.024886,0.024913,3664.792
2020-04-24 23:00:00,0.024913,0.025034,0.02491,0.02499,3026.887
2020-04-25 00:00:00,0.024993,0.025012,0.024916,0.024981,5379.332
2020-04-25 01:00:00,0.024985,0.025002,0.024941,0.024941,2022.369
2020-04-25 04:00:00,0.024943,0.025035,0.024921,0.025,1310.932
2020-04-25 05:00:00,0.024992,0.025691,0.024988,0.025681,26007.737
2020-04-25 06:00:00,0.025691,0.025891,0.025562,0.025843,16158.805
2020-04-25 07:00:00,0.025846,0.025932,0.025679,0.025753,32789.091
2020-04-25 08:00:00,0.025753,0.02578,0.025583,0.025638,18974.389
2020-04-25 09:00:00,0.025638,0.025752,0.025587,0.025728,18110.53
2020-04-25 10:00:00,0.025733,0.025763,0.025663,0.025741,7279.104
2020-04-25 11:00:00,0.025741,0.025817,0.025608,0.025691,12255.922
2020-04-25 12:00:00,0.025691,0.025766,0.025691,0.02572,7744.618
2020-04-25 13:00:00,0.025716,0.025833,0.025716,0.025814,6980.428
2020-04-25 14:00:00,0.025821,0.025845,0.025702,0.025785,8601.778
2020-04-25 15:00:00,0.025791,0.025831,0.025607,0.02568,13782.271
2020-04-25 16:00:00,0.025687,0.025795,0.025616,0.025714,8918.99
2020-04-25 17:00:00,0.025711,0.025736,0.025638,0.025723,4313.013
2020-04-25 18:00:00,0.025723,0.025726,0.025624,0.025704,4312.223
2020-04-25 19:00:00,0.025705,0.025759,0.025684,0.025725,3204.5
2020-04-25 20:00:00,0.025725,0.025755,0.025694,0.02571,2566.546
2020-04-25 21:00:00,0.025709,0.025709,0.025499,0.025641,7311.815
2020-04-25 22:00:00,0.025642,0.025685,0.025585,0.025677,2706.913
2020-04-25 23:00:00,0.025677,0.025788,0.025598,0.025763,4948.082
2020-04-26 00:00:00,0.025763,0.025852,0.025709,0.025845,5440.572
2020-04-26 01:00:00,0.025841,0.025848,0.025739,0.025796,5295.886
2020-04-26 02:00:00,0.02579,0.02581,0.025757,0.025771,4029.439
2020-04-26 03:00:00,0.025768,0.025788,0.025718,0.025754,2892.476
2020-04-26 04:00:00,0.025754,0.025756,0.02569,0.025737,4019.71
2020-04-26 05:00:00,0.02573,0.025737,0.025559,0.025572,5520.746
2020-04-26 06:00:00,0.025574,0.025677,0.02555,0.025657,3535.993
2020-04-26 07:00:00,0.025648,0.025684,0.025605,0.025653,3817.793
2020-04-26 08:00:00,0.025648,0.025699,0.025619,0.025674,4482.281
2020-04-26 09:00:00,0.025678,0.025805,0.025651,0.02579,6932.804
2020-04-26 10:00:00,0.025784,0.025825,0.025711,0.025759,7452.895
2020-04-26 11:00:00,0.025759,0.025805,0.025675,0.025699,9092.872
2020-04-26 12:00:00,0.025697,0.025772,0.025695,0.025729,5048.558
2020-04-26 13:00:00,0.025733,0.025939,0.025729,0.025923,13271.217
2020-04-26 14:00:00,0.025923,0.025967,0.02574,0.025788,10913.041
2020-04-26 15:00:00,0.025786,0.025895,0.025685,0.025705,14895.223
2020-04-26 16:00:00,0.025707,0.025789,0.02565,0.025748,7424.577
2020-04-26 17:00:00,0.025748,0.02575,0.025649,0.025703,4286.147
2020-04-26 18:00:00,0.025704,0.025708,0.025562,0.025588,6021.381
2020-04-26 19:00:00,0.025585,0.025607,0.025512,0.025516,4156.967
2020-04-26 20:00:00,0.025516,0.02574,0.025505,0.02574,5365.852
2020-04-26 21:00:00,0.025736,0.025816,0.025688,0.025711,4601.116
2020-04-26 22:00:00,0.025713,0.025723,0.025579,0.025579,11405.549
2020-04-26 23:00:00,0.025582,0.025688,0.025564,0.025659,7668.419
2020-04-27 00:00:00,0.025664,0.025677,0.025468,0.025564,13834.344
2020-04-27 01:00:00,0.025564,0.025697,0.025518,0.02557,11604.245
2020-04-27 02:00:00,0.02557,0.025599,0.025557,0.02557,4657.988
2020-04-27 03:00:00,0.02557,0.025588,0.025473,0.025495,9192.645
2020-04-27 04:00:00,0.025499,0.02555,0.025483,0.02553,11006.427
2020-04-27 05:00:00,0.025528,0.025532,0.02538,0.025436,7719.59
2020-04-27 06:00:00,0.025431,0.025461,0.02537,0.025388,10451.471
2020-04-27 07:00:00,0.025396,0.025492,0.025351,0.025478,7692.005
2020-04-27 08:00:00,0.025482,0.025497,0.025393,0.025409,5862.819
2020-04-27 09:00:00,0.025407,0.025453,0.025342,0.02541,7611.904
2020-04-27 10:00:00,0.025411,0.025448,0.025337,0.025337,5915.13
2020-04-27 11:00:00,0.025339,0.025409,0.025328,0.025385,7104.539
2020-04-27 12:00:00,0.025385,0.0254,0.025265,0.025345,10684.137
2020-04-27 13:00:00,0.025342,0.025386,0.025166,0.025266,13375.13
2020-04-27 14:00:00,0.025266,0.025268,0.024875,0.025037,25433.619
2020-04-27 15:00:00,0.025039,0.025183,0.024991,0.025109,12289.116
2020-04-27 16:00:00,0.025108,0.025182,0.025064,0.025115,8441.826
2020-04-27 17:00:00,0.025116,0.025122,0.025017,0.025057,9499.446
2020-04-27 18:00:00,0.025063,0.025155,0.025057,0.025121,7795.479
2020-04-27 19:00:00,0.025127,0.025207,0.025104,0.02519,8265.284
2020-04-27 20:00:00,0.025187,0.025232,0.025125,0.025125,4669.089
2020-04-27 21:00:00,0.025125,0.02525,0.025118,0.02521,5178.674
2020-04-27 22:00:00,0.025201,0.025424,0.025171,0.025341,12057.633
2020-04-27 23:00:00,0.025341,0.025389,0.02523,0.025259,8598.427
2020-04-28 00:00:00,0.025252,0.025334,0.02513,0.025182,13979.981
2020-04-28 01:00:00,0.025184,0.025219,0.02513,0.025141,7237.558
2020-04-28 02:00:00,0.025141,0.025216,0.025105,0.025188,11043.55
2020-04-28 03:00:00,0.025186,0.025265,0.02516,0.025263,5368.681
2020-04-28 04:00:00,0.025265,0.0253,0.025101,0.025249,9841.061
2020-04-28 05:00:00,0.025251,0.025324,0.025167,0.025293,4682.856
2020-04-28 06:00:00,0.025299,0.025386,0.025257,0.025366,5432.205
2020-04-28 07:00:00,0.025365,0.025386,0.025291,0.025345,6426.627
2020-04-28 08:00:00,0.025344,0.025361,0.025219,0.025225,5274.201
2020-04-28 09:00:00,0.025225,0.025318,0.025216,0.025284,7053.348
2020-04-28 10:00:00,0.025281,0.025424,0.025261,0.025375,7607.687
2020-04-28 11:00:00,0.02537,0.025443,0.02535,0.025354,12254.489
2020-04-28 12:00:00,0.025354,0.025466,0.02531,0.025417,10748.933
2020-04-28 13:00:00,0.025414,0.025493,0.025342,0.02535,11405.233
2020-04-28 14:00:00,0.025352,0.025398,0.025274,0.025292,11006.761
2020-04-28 15:00:00,0.025289,0.025351,0.025276,0.025336,7843.304
2020-04-28 16:00:00,0.025336,0.025424,0.025324,0.025355,5990.434
2020-04-28 17:00:00,0.025351,0.025355,0.025287,0.025338,4128.171
2020-04-28 18:00:00,0.02534,0.025443,0.02533,0.025423,5134.208
2020-04-28 19:00:00,0.025425,0.025455,0.025341,0.025347,5306.273
2020-04-28 20:00:00,0.025344,0.025413,0.025317,0.025404,4322.913
2020-04-28 21:00:00,0.025402,0.025414,0.025365,0.0254,4197.234
2020-04-28 22:00:00,0.025397,0.025443,0.025379,0.025427,5546.282
2020-04-28 23:00:00,0.025419,0.025446,0.025356,0.025361,4546.615
2020-04-29 00:00:00,0.02536,0.025434,0.025357,0.025427,5230.105
2020-04-29 01:00:00,0.025428,0.025474,0.025389,0.025432,7493.396
2020-04-29 02:00:00,0.025429,0.025555,0.025346,0.025423,12497.704
2020-04-29 03:00:00,0.025431,0.025451,0.025305,0.025343,7425.045
2020-04-29 04:00:00,0.025346,0.025365,0.025288,0.025351,4996.84
2020-04-29 05:00:00,0.025349,0.025361,0.025306,0.025347,6611.138
2020-04-29 06:00:00,0.025355,0.026,0.025349,0.025867,54394.292
2020-04-29 07:00:00,0.025863,0.0259,0.025778,0.025838,19793.027
2020-04-29 08:00:00,0.025843,0.0259,0.025805,0.025818,11573.691
2020-04-29 09:00:00,0.025818,0.025909,0.025789,0.025829,9057.183
2020-04-29 10:00:00,0.025833,0.025845,0.025591,0.025618,21935.617
2020-04-29 11:00:00,0.025616,0.0257,0.02552,0.025531,16439.583
2020-04-29 12:00:00,0.025526,0.025629,0.025471,0.02548,12767.164
2020-04-29 13:00:00,0.025485,0.025485,0.0247,0.025121,49515.523
2020-04-29 14:00:00,0.025122,0.025194,0.025075,0.025077,19538.117
2020-04-29 15:00:00,0.025077,0.025164,0.025066,0.025092,13720.196
2020-04-29 16:00:00,0.025095,0.025314,0.024896,0.024971,36946.727
2020-04-29 17:00:00,0.024973,0.025005,0.0243,0.024683,37491.425
2020-04-29 18:00:00,0.024684,0.025003,0.024559,0.02488,52379.964
2020-04-29 19:00:00,0.024881,0.024895,0.024667,0.024759,10591.933
2020-04-29 20:00:00,0.024757,0.024771,0.024287,0.024288,10173.554
2020-04-29 21:00:00,0.024291,0.024624,0.024199,0.024322,16338.535
2020-04-29 22:00:00,0.024322,0.024579,0.02432,0.024528,8421.144
2020-04-29 23:00:00,0.024526,0.024656,0.024505,0.024534,5687.511
2020-04-30 00:00:00,0.024536,0.024648,0.024498,0.024602,12641.83
2020-04-30 01:00:00,0.0246,0.024663,0.024546,0.024563,11918.727
2020-04-30 02:00:00,0.024563,0.024591,0.0244,0.024404,10553.039
2020-04-30 03:00:00,0.024406,0.024525,0.024202,0.024298,52895.537
2020-04-30 04:00:00,0.024296,0.024497,0.02425,0.024332,23855.772
2020-04-30 05:00:00,0.024335,0.024345,0.024111,0.024129,11936.545
2020-04-30 06:00:00,0.024131,0.024224,0.023939,0.023977,29155.527
2020-04-30 07:00:00,0.023983,0.02406,0.023883,0.024006,19312.296
2020-04-30 08:00:00,0.024006,0.024026,0.023738,0.023752,13628.291
2020-04-30 09:00:00,0.023752,0.024149,0.02368,0.023881,33481.493
2020-04-30 10:00:00,0.023889,0.023973,0.023619,0.023865,27873.926
2020-04-30 11:00:00,0.023866,0.02399,0.02381,0.023959,10050.238
2020-04-30 12:00:00,0.023954,0.024001,0.023726,0.023852,8011.595
2020-04-30 13:00:00,0.02385,0.024,0.023823,0.023852,6793.531
2020-04-30 14:00:00,0.023856,0.02396,0.023836,0.023944,7240.854
2020-04-30 15:00:00,0.02394,0.023955,0.02361,0.023714,10491.726
2020-04-30 16:00:00,0.023712,0.023934,0.023629,0.023873,18404.695
2020-04-30 17:00:00,0.023873,0.024188,0.023713,0.024064,23020.753
2020-04-30 18:00:00,0.024059,0.024274,0.024015,0.024134,11421.567
2020-04-30 19:00:00,0.024133,0.024154,0.023913,0.023914,10373.453
2020-04-30 20:00:00,0.023921,0.024209,0.02389,0.023985,6559.735
2020-04-30 21:00:00,0.023988,0.024075,0.023863,0.023874,4121.755
2020-04-30 22:00:00,0.02387,0.024017,0.023837,0.024015,4900.36
2020-04-30 23:00:00,0.024017,0.02403,0.023844,0.023895,8071.253
2020-05-01 00:00:00,0.023898,0.024078,0.023888,0.023995,7868.087
2020-05-01 01:00:00,0.023993,0.024043,0.023899,0.024013,6655.208
2020-05-01 02:00:00,0.024017,0.024112,0.023958,0.024077,5697.874
2020-05-01 03:00:00,0.024073,0.024101,0.023977,0.024075,6509.749
2020-05-01 04:00:00,0.024075,0.024228,0.02407,0.02414,9793.872
2020-05-01 05:00:00,0.024141,0.024357,0.024124,0.024322,13381.816
2020-05-01 06:00:00,0.024323,0.024342,0.02427,0.02431,5339.854
2020-05-01 07:00:00,0.024308,0.024367,0.0241,0.024244,9585.452
2020-05-01 08:00:00,0.024245,0.024278,0.024158,0.024234,5321.871
2020-05-01 09:00:00,0.024234,0.024314,0.024222,0.024248,11264.239
2020-05-01 10:00:00,0.024248,0.024257,0.024123,0.024125,10815.366
2020-05-01 11:00:00,0.024133,0.024169,0.02393,0.02393,18106.222
2020-05-01 12:00:00,0.023932,0.024,0.023864,0.023967,14493.937
2020-05-01 13:00:00,0.023967,0.024025,0.023872,0.023973,9721.459
2020-05-01 14:00:00,0.023973,0.024095,0.023965,0.024026,6532.991
2020-05-01 15:00:00,0.024025,0.024081,0.023976,0.024039,8906.048
2020-05-01 16:00:00,0.024039,0.024159,0.024001,0.024041,10460.288
2020-05-01 17:00:00,0.024039,0.024111,0.02401,0.024053,6504.93
2020-05-01 18:00:00,0.024052,0.024165,0.024027,0.024043,5547.411
2020-05-01 19:00:00,0.024043,0.024043,0.023965,0.023984,4756.896
2020-05-01 20:00:00,0.023984,0.024071,0.023949,0.024033,3784.01
2020-05-01 21:00:00,0.02403,0.024053,0.023997,0.024013,5121.225
2020-05-01 22:00:00,0.024009,0.024055,0.023938,0.023997,4233.32
2020-05-01 23:00:00,0.023998,0.024099,0.023973,0.024022,5694.57
2020-05-02 00:00:00,0.024021,0.024155,0.023976,0.024107,6161.82
2020-05-02 01:00:00,0.024107,0.02417,0.024085,0.024135,5642.928
2020-05-02 02:00:00,0.024134,0.024165,0.024014,0.024075,6204.016
2020-05-02 03:00:00,0.024072,0.024127,0.024062,0.024117,2427.205
2020-05-02 04:00:00,0.024109,0.02415,0.024085,0.024128,4618.037
2020-05-02 05:00:00,0.024132,0.02415,0.024081,0.024114,2629.79
2020-05-02 06:00:00,0.024108,0.024116,0.024044,0.02409,5046.924
2020-05-02 07:00:00,0.02409,0.02411,0.023964,0.024,4971.763
2020-05-02 08:00:00,0.023996,0.024065,0.023947,0.024012,6595.468
2020-05-02 09:00:00,0.024013,0.0241,0.023969,0.024057,15274.926
2020-05-02 10:00:00,0.024056,0.024079,0.023986,0.02404,5104.145
2020-05-02 11:00:00,0.024038,0.024049,0.023966,0.024011,6124.676
2020-05-02 12:00:00,0.024011,0.024032,0.023891,0.023971,10262.488
2020-05-02 13:00:00,0.02397,0.02399,0.023923,0.023957,5334.58
2020-05-02 14:00:00,0.023957,0.02398,0.023874,0.023906,6095.849
2020-05-02 15:00:00,0.023905,0.023933,0.023779,0.02383,9294.711
2020-05-02 16:00:00,0.023831,0.023933,0.023812,0.023852,10287.965
2020-05-02 17:00:00,0.023851,0.023918,0.023841,0.023906,11061.005
2020-05-02 18:00:00,0.023905,0.024017,0.023882,0.023981,12618.042
2020-05-02 19:00:00,0.023982,0.024055,0.02395,0.024051,8409.561
2020-05-02 20:00:00,0.024051,0.024055,0.023963,0.023964,7251.472
2020-05-02 21:00:00,0.023962,0.023994,0.023929,0.02394,6370.567
2020-05-02 22:00:00,0.023939,0.023977,0.023919,0.023949,6685.699
2020-05-02 23:00:00,0.02395,0.023952,0.023825,0.02384,10813.472
2020-05-03 00:00:00,0.023839,0.024004,0.023785,0.023813,15330.981
2020-05-03 01:00:00,0.023816,0.02385,0.023731,0.023813,11546.772
2020-05-03 02:00:00,0.023812,0.02388,0.023799,0.023868,4800.737
2020-05-03 03:00:00,0.023868,0.023885,0.023801,0.023852,3491.797
2020-05-03 04:00:00,0.023852,0.023891,0.023811,0.023838,4393.206
2020-05-03 05:00:00,0.023837,0.023868,0.02379,0.023817,3642.906
2020-05-03 06:00:00,0.023817,0.023887,0.023737,0.023751,14239.882
2020-05-03 07:00:00,0.023751,0.023785,0.023716,0.023774,6692.318
2020-05-03 08:00:00,0.023765,0.023765,0.023709,0.023739,4606.999
2020-05-03 09:00:00,0.023741,0.023746,0.023614,0.023656,4867.975
2020-05-03 10:00:00,0.023657,0.023719,0.023572,0.023647,6528.581
2020-05-03 11:00:00,0.023648,0.023692,0.023621,0.023656,5263.335
2020-05-03 12:00:00,0.023656,0.023842,0.0236,0.023742,9299.888
2020-05-03 13:00:00,0.023744,0.023905,0.023726,0.023815,6463.215
2020-05-03 14:00:00,0.023817,0.023896,0.0236,0.023698,11675.92
2020-05-03 15:00:00,0.023698,0.023698,0.023419,0.023612,10880.818
2020-05-03 16:00:00,0.023614,0.02365,0.023549,0.023584,4394.436
2020-05-03 17:00:00,0.023583,0.023641,0.02357,0.023598,6905.425
2020-05-03 18:00:00,0.023595,0.023624,0.02349,0.023508,4668.433
2020-05-03 19:00:00,0.023512,0.023558,0.023453,0.023543,5285.822
2020-05-03 20:00:00,0.023543,0.023559,0.02345,0.023512,3424.768
2020-05-03 21:00:00,0.023513,0.023684,0.023475,0.02365,2859.791
2020-05-03 22:00:00,0.02365,0.023688,0.02355,0.023594,3136.135
2020-05-03 23:00:00,0.023595,0.02367,0.023582,0.023592,2952.314
2020-05-04 00:00:00,0.023594,0.023663,0.023524,0.023589,8147.132
2020-05-04 01:00:00,0.023589,0.023679,0.023345,0.023426,16570.884
2020-05-04 02:00:00,0.023426,0.023448,0.023267,0.023293,7411.646
2020-05-04 03:00:00,0.023293,0.023352,0.02325,0.023318,3958.672
2020-05-04 04:00:00,0.023322,0.023322,0.022821,0.022901,23675.38
2020-05-04 05:00:00,0.0229,0.023019,0.02274,0.023011,18111.256
2020-05-04 06:00:00,0.02301,0.023122,0.022956,0.023076,8059.654
2020-05-04 07:00:00,0.023073,0.023081,0.022975,0.023047,7211.549
2020-05-04 08:00:00,0.02305,0.023265,0.02304,0.023261,8083.555
2020-05-04 09:00:00,0.023263,0.023268,0.023038,0.023059,8184.23
2020-05-04 10:00:00,0.023062,0.023175,0.022992,0.023046,8440.177
2020-05-04 11:00:00,0.023047,0.023085,0.02299,0.023014,5027.264
2020-05-04 12:00:00,0.023014,0.023234,0.023014,0.023099,7205.274
2020-05-04 13:00:00,0.023101,0.02331,0.023101,0.023286,8497.415
2020-05-04 14:00:00,0.023285,0.023384,0.023183,0.0232,14125.273
2020-05-04 15:00:00,0.023201,0.023355,0.023199,0.023284,8707.251
2020-05-04 16:00:00,0.023285,0.023299,0.023071,0.023167,9090.192
2020-05-04 17:00:00,0.023167,0.023221,0.023108,0.023124,7138.671
2020-05-04 18:00:00,0.023128,0.023206,0.02304,0.02305,5454.68
2020-05-04 19:00:00,0.02305,0.02311,0.023005,0.023065,5947.07
2020-05-04 20:00:00,0.023066,0.023249,0.023053,0.023228,5134.92
2020-05-04 21:00:00,0.023228,0.023334,0.023161,0.02332,4368.713
2020-05-04 22:00:00,0.023319,0.023378,0.023284,0.023375,4029.618
2020-05-04 23:00:00,0.023375,0.023396,0.023252,0.023282,5552.858
2020-05-05 00:00:00,0.023279,0.023444,0.023245,0.02342,5640.541
2020-05-05 01:00:00,0.023424,0.023446,0.023344,0.023379,4859.418
2020-05-05 02:00:00,0.023381,0.023383,0.023224,0.023232,4394.746
2020-05-05 03:00:00,0.023231,0.023285,0.02315,0.023271,4669.578
2020-05-05 04:00:00,0.023276,0.023311,0.023164,0.023193,7266.788
2020-05-05 05:00:00,0.023197,0.023254,0.023138,0.023152,9834.072
2020-05-05 06:00:00,0.02315,0.023203,0.023058,0.023179,5027.087
2020-05-05 07:00:00,0.023177,0.023208,0.023118,0.023128,6175.354
2020-05-05 08:00:00,0.02313,0.023223,0.023117,0.023169,5161.333
2020-05-05 09:00:00,0.023174,0.023183,0.022939,0.022951,8529.8
2020-05-05 10:00:00,0.022951,0.023051,0.022891,0.022981,10077.261
2020-05-05 11:00:00,0.022976,0.023036,0.022961,0.022992,4379.553
2020-05-05 12:00:00,0.022991,0.023012,0.022924,0.022948,7951.851
2020-05-05 13:00:00,0.022944,0.023055,0.022879,0.022963,7668.436
2020-05-05 14:00:00,0.022964,0.02304,0.022927,0.022966,6190.562
2020-05-05 15:00:00,0.022966,0.023117,0.022927,0.023032,6120.092
2020-05-05 16:00:00,0.023032,0.023087,0.022987,0.023,4483.279
2020-05-05 17:00:00,0.023,0.023016,0.022931,0.022945,4431.6
2020-05-05 18:00:00,0.022945,0.022948,0.022879,0.022888,4151.842
2020-05-05 19:00:00,0.022887,0.022935,0.022831,0.022928,5238.378
2020-05-05 20:00:00,0.022928,0.022951,0.022868,0.022903,4441.697
2020-05-05 21:00:00,0.022899,0.022913,0.022824,0.022845,3492.643
2020-05-05 22:00:00,0.022845,0.022905,0.022794,0.022848,10377.216
2020-05-05 23:00:00,0.022844,0.022859,0.022722,0.022753,9756.137
2020-05-06 00:00:00,0.022757,0.02279,0.022642,0.022653,10210.353
2020-05-06 01:00:00,0.022653,0.022811,0.022638,0.022771,8215.482
2020-05-06 02:00:00,0.022775,0.022817,0.022735,0.022794,5525.315
2020-05-06 03:00:00,0.022794,0.023096,0.022773,0.023034,10590.362
2020-05-06 04:00:00,0.02303,0.02308,0.022944,0.022945,10429.26
2020-05-06 05:00:00,0.022948,0.022973,0.022879,0.022945,6725.007
2020-05-06 06:00:00,0.022946,0.022995,0.022915,0.022979,7202.526
2020-05-06 07:00:00,0.022979,0.023063,0.022962,0.023011,8211.846
2020-05-06 08:00:00,0.023011,0.023066,0.022859,0.02289,7367.048
2020-05-06 09:00:00,0.02289,0.022987,0.022862,0.022878,6543.359
2020-05-06 10:00:00,0.022879,0.022886,0.022583,0.022619,16229.354
2020-05-06 11:00:00,0.02262,0.022719,0.022519,0.022551,10881.035
2020-05-06 12:00:00,0.022551,0.022591,0.022451,0.022538,12524.185
2020-05-06 13:00:00,0.022535,0.022668,0.022485,0.022521,10147.781
2020-05-06 14:00:00,0.022521,0.022577,0.022473,0.022527,7865.603
2020-05-06 15:00:00,0.022529,0.022551,0.022444,0.022453,6083.724
2020-05-06 16:00:00,0.022454,0.022511,0.022412,0.022484,10346.327
2020-05-06 17:00:00,0.022485,0.022508,0.022414,0.022438,6634.301
2020-05-06 18:00:00,0.022438,0.022478,0.022381,0.022395,7275.089
2020-05-06 19:00:00,0.022393,0.022413,0.022141,0.022143,13387.237
2020-05-06 20:00:00,0.022143,0.02226,0.02205,0.022229,7097.096
2020-05-06 21:00:00,0.022228,0.022248,0.022169,0.022216,4576.781
2020-05-06 22:00:00,0.022211,0.022211,0.021961,0.022003,11127.502
2020-05-06 23:00:00,0.022003,0.022029,0.0217,0.02176,25685.3
2020-05-07 00:00:00,0.021758,0.022131,0.02168,0.022083,22612.521
2020-05-07 01:00:00,0.02208,0.022085,0.021909,0.021958,15557.729
2020-05-07 02:00:00,0.021958,0.022274,0.02195,0.022147,16124.188
2020-05-07 03:00:00,0.022146,0.022182,0.022076,0.022154,9951.917
2020-05-07 04:00:00,0.022159,0.022209,0.022056,0.022079,5938.673
2020-05-07 05:00:00,0.022075,0.022125,0.022016,0.022066,7126.214
2020-05-07 06:00:00,0.022066,0.022083,0.02196,0.021968,12894.431
2020-05-07 07:00:00,0.021967,0.022047,0.02196,0.022006,6361.519
2020-05-07 08:00:00,0.022006,0.022128,0.02195,0.022054,13808.263
2020-05-07 09:00:00,0.022042,0.02209,0.02198,0.022067,6188.481
2020-05-07 10:00:00,0.022064,0.0221,0.021961,0.02199,7559.739
2020-05-07 11:00:00,0.02199,0.022022,0.02195,0.021982,6507.716
2020-05-07 12:00:00,0.021981,0.022215,0.021953,0.022072,10739.198
2020-05-07 13:00:00,0.022079,0.022149,0.021721,0.021729,24657.48
2020-05-07 14:00:00,0.021726,0.021773,0.0217,0.021736,18115.689
2020-05-07 15:00:00,0.021738,0.021794,0.021608,0.021652,16089.992
2020-05-07 16:00:00,0.021651,0.021654,0.021387,0.021387,17190.197
2020-05-07 17:00:00,0.021387,0.021387,0.021047,0.021163,25244.19
2020-05-07 18:00:00,0.021168,0.02192,0.02115,0.021711,33438.216
2020-05-07 19:00:00,0.021711,0.021786,0.02143,0.021584,15790.991
2020-05-07 20:00:00,0.021586,0.021747,0.021575,0.021592,9070.209
2020-05-07 21:00:00,0.021596,0.021676,0.021463,0.021505,6862.244
2020-05-07 22:00:00,0.021505,0.021618,0.02144,0.021502,9989.038
2020-05-07 23:00:00,0.021501,0.021517,0.021199,0.021236,16855.323
2020-05-08 00:00:00,0.021232,0.021541,0.021232,0.021536,21233.036
2020-05-08 01:00:00,0.021536,0.021634,0.02142,0.021462,11463.805
2020-05-08 02:00:00,0.021462,0.021518,0.021369,0.021474,8425.806
2020-05-08 03:00:00,0.021474,0.021478,0.021388,0.021435,5484.447
2020-05-08 04:00:00,0.021435,0.021456,0.021394,0.021417,4016.501
2020-05-08 05:00:00,0.021415,0.021426,0.021234,0.021322,9026.065
2020-05-08 06:00:00,0.021324,0.02134,0.021183,0.02133,10235.847
2020-05-08 07:00:00,0.021331,0.021408,0.021279,0.021334,8864.696
2020-05-08 08:00:00,0.021338,0.021389,0.021228,0.021247,7778.811
2020-05-08 09:00:00,0.021246,0.021343,0.021233,0.021316,4476.283
2020-05-08 10:00:00,0.021315,0.02135,0.0212,0.021278,5950.929
2020-05-08 11:00:00,0.021278,0.021397,0.02127,0.021354,8160.204
2020-05-08 12:00:00,0.021353,0.021415,0.021267,0.021327,7437.439
2020-05-08 13:00:00,0.021322,0.021379,0.021274,0.021316,7571.411
2020-05-08 14:00:00,0.021311,0.02138,0.021216,0.021244,12168.21
2020-05-08 15:00:00,0.021244,0.021288,0.021203,0.021275,11965.666
2020-05-08 16:00:00,0.021268,0.021539,0.021223,0.021512,21475.659
2020-05-08 17:00:00,0.021513,0.021543,0.021428,0.021456,13407.323
2020-05-08 18:00:00,0.021456,0.021558,0.021444,0.021473,9153.547
2020-05-08 19:00:00,0.021476,0.021481,0.0214,0.021401,8786.478
2020-05-08 20:00:00,0.021402,0.021469,0.021348,0.021455,6647.05
2020-05-08 21:00:00,0.02145,0.02152,0.021395,0.021461,4519.4
2020-05-08 22:00:00,0.021462,0.021543,0.021395,0.021535,8292.706
2020-05-08 23:00:00,0.021535,0.021666,0.021464,0.021573,10180.132
2020-05-09 00:00:00,0.02157,0.021608,0.021486,0.021565,9687.677
2020-05-09 01:00:00,0.021565,0.021683,0.021545,0.021634,7947.37
2020-05-09 02:00:00,0.021629,0.021672,0.021578,0.021587,5663.637
2020-05-09 03:00:00,0.021587,0.02168,0.021566,0.021673,4273.709
2020-05-09 04:00:00,0.021675,0.021699,0.021622,0.021634,6468.564
2020-05-09 05:00:00,0.021634,0.021735,0.02161,0.021735,6258.176
2020-05-09 06:00:00,0.021735,0.021903,0.021719,0.021856,10437.189
2020-05-09 07:00:00,0.021858,0.021988,0.021853,0.021963,13832.395
2020-05-09 08:00:00,0.021965,0.021969,0.021845,0.021906,5671.57
2020-05-09 09:00:00,0.021901,0.021915,0.021816,0.021855,7355.564
2020-05-09 10:00:00,0.021855,0.021985,0.021845,0.021922,6226.734
2020-05-09 11:00:00,0.02192,0.021962,0.02181,0.021828,12246.086
2020-05-09 12:00:00,0.021826,0.021854,0.02174,0.021778,11125.145
2020-05-09 13:00:00,0.021779,0.021859,0.021765,0.021835,11972.078
2020-05-09 14:00:00,0.021835,0.021971,0.021817,0.021941,14504.976
2020-05-09 15:00:00,0.021936,0.022047,0.021917,0.021984,12409.95
2020-05-09 16:00:00,0.021986,0.022025,0.021794,0.021797,11790.608
2020-05-09 17:00:00,0.021796,0.021863,0.021755,0.021766,6320.338
2020-05-09 18:00:00,0.021762,0.021784,0.021675,0.021677,5354.814
2020-05-09 19:00:00,0.021677,0.021826,0.02164,0.021793,5625.927
2020-05-09 20:00:00,0.021795,0.022036,0.021784,0.02196,5052.234
2020-05-09 21:00:00,0.021951,0.022027,0.021897,0.021946,3404.785
2020-05-09 22:00:00,0.021936,0.02198,0.021876,0.021973,4238.244
2020-05-09 23:00:00,0.021974,0.022049,0.021964,0.022024,6370.197
2020-05-10 00:00:00,0.022027,0.022968,0.021658,0.02211,106330.16
2020-05-10 01:00:00,0.022099,0.022107,0.021834,0.021856,22120.386
2020-05-10 02:00:00,0.021854,0.021857,0.021653,0.021675,12292.965
2020-05-10 03:00:00,0.021677,0.021818,0.021504,0.021561,15571.827
2020-05-10 04:00:00,0.021561,0.021777,0.021363,0.021745,13959.825
2020-05-10 05:00:00,0.021746,0.02179,0.021632,0.021759,4476.991
2020-05-10 06:00:00,0.021759,0.021852,0.021734,0.021784,4635.929
2020-05-10 07:00:00,0.021783,0.021784,0.02163,0.021642,8846.415
2020-05-10 08:00:00,0.021644,0.021728,0.021599,0.021682,10671.321
2020-05-10 09:00:00,0.021682,0.02179,0.021631,0.021765,5338.03
2020-05-10 10:00:00,0.021755,0.021803,0.02164,0.021672,7234.488
2020-05-10 11:00:00,0.021671,0.02175,0.021608,0.021717,5514.745
2020-05-10 12:00:00,0.021718,0.021758,0.02163,0.021737,5712.308
2020-05-10 13:00:00,0.021737,0.021775,0.02165,0.021698,6371.098
2020-05-10 14:00:00,0.021698,0.021733,0.021538,0.021645,8454.172
2020-05-10 15:00:00,0.021644,0.021825,0.021644,0.021769,8978.543
2020-05-10 16:00:00,0.021768,0.021846,0.021521,0.021832,26396.969
2020-05-10 17:00:00,0.021834,0.021834,0.02162,0.021659,9554.783
2020-05-10 18:00:00,0.021657,0.021783,0.02162,0.021706,6605.529
2020-05-10 19:00:00,0.021705,0.02181,0.021667,0.021789,5776.806
2020-05-10 20:00:00,0.021788,0.02183,0.021555,0.021672,9044.674
2020-05-10 21:00:00,0.021672,0.021717,0.021556,0.02169,5610.58
2020-05-10 22:00:00,0.02169,0.021692,0.021454,0.021462,7216.178
2020-05-10 23:00:00,0.021459,0.021678,0.021405,0.021506,7327.669
2020-05-11 00:00:00,0.021504,0.021764,0.02146,0.021661,6847.137
2020-05-11 01:00:00,0.02166,0.021735,0.021656,0.021677,3579.746
2020-05-11 02:00:00,0.021678,0.021774,0.021657,0.021716,5997.661
2020-05-11 03:00:00,0.021716,0.021744,0.02167,0.021677,5040.105
2020-05-11 04:00:00,0.021671,0.021723,0.02165,0.021666,3357.94
2020-05-11 05:00:00,0.021666,0.021706,0.021618,0.02164,4336.803
2020-05-11 06:00:00,0.021641,0.021658,0.02159,0.021626,3300.498
2020-05-11 07:00:00,0.021626,0.021638,0.021522,0.021617,6276.052
2020-05-11 08:00:00,0.021625,0.021645,0.021511,0.021585,7459.186
2020-05-11 09:00:00,0.021588,0.021713,0.021541,0.021671,6564.178
2020-05-11 10:00:00,0.021672,0.02176,0.021301,0.021327,18519.036
2020-05-11 11:00:00,0.021327,0.021355,0.021134,0.021172,12494.157
2020-05-11 12:00:00,0.021178,0.021317,0.020967,0.021143,25153.438
2020-05-11 13:00:00,0.021145,0.021285,0.021047,0.021204,10820.753
2020-05-11 14:00:00,0.021205,0.021218,0.02108,0.021188,7589.04
2020-05-11 15:00:00,0.021187,0.021219,0.021076,0.021199,7597.11
2020-05-11 16:00:00,0.021199,0.021588,0.021073,0.021323,21412.866
2020-05-11 17:00:00,0.021323,0.02164,0.0213,0.021563,10836.579
2020-05-11 18:00:00,0.021576,0.021693,0.021317,0.02137,22318.746
2020-05-11 19:00:00,0.021371,0.021568,0.021357,0.021415,12850.319
2020-05-11 20:00:00,0.021419,0.021655,0.021366,0.02163,8409.812
2020-05-11 21:00:00,0.02163,0.021761,0.02156,0.021621,10604.211
2020-05-11 22:00:00,0.021617,0.021699,0.021552,0.021607,4141.632
2020-05-11 23:00:00,0.021603,0.0217,0.021544,0.021691,5152.367
2020-05-12 00:00:00,0.021695,0.021759,0.021592,0.021701,11443.574
2020-05-12 01:00:00,0.0217,0.021749,0.021647,0.021738,8515.988
2020-05-12 02:00:00,0.021735,0.021823,0.02172,0.021776,8551.639
2020-05-12 03:00:00,0.021774,0.021808,0.021567,0.02163,7008.423
2020-05-12 04:00:00,0.021631,0.021674,0.02151,0.021572,4447.29
2020-05-12 05:00:00,0.021575,0.021642,0.021527,0.021567,5340.202
2020-05-12 06:00:00,0.021573,0.021693,0.021573,0.021652,4071.675
2020-05-12 07:00:00,0.021646,0.021765,0.021617,0.021725,6451.514
2020-05-12 08:00:00,0.021729,0.02175,0.02159,0.021695,6239.227
2020-05-12 09:00:00,0.021699,0.021712,0.021591,0.021604,7516.891
2020-05-12 10:00:00,0.021601,0.021722,0.021567,0.021677,10265.403
2020-05-12 11:00:00,0.021677,0.021745,0.021669,0.021683,6046.485
2020-05-12 12:00:00,0.021683,0.02175,0.02166,0.021688,8330.583
2020-05-12 13:00:00,0.021687,0.02178,0.021654,0.021764,6578.382
2020-05-12 14:00:00,0.021765,0.021771,0.021484,0.021513,13755.675
2020-05-12 15:00:00,0.021515,0.021523,0.021424,0.021522,9259.541
2020-05-12 16:00:00,0.021522,0.021525,0.021364,0.021418,6972.226
2020-05-12 17:00:00,0.021418,0.021578,0.021385,0.021502,6838.417
2020-05-12 18:00:00,0.021502,0.021558,0.021412,0.021421,4899.341
2020-05-12 19:00:00,0.021427,0.021571,0.021363,0.02156,4891.709
2020-05-12 20:00:00,0.021561,0.02159,0.021448,0.021491,4446.917
2020-05-12 21:00:00,0.021489,0.021534,0.021323,0.02146,3609.628
2020-05-12 22:00:00,0.021464,0.021556,0.021349,0.021531,5847.784
2020-05-12 23:00:00,0.021536,0.021578,0.021492,0.021536,4141.212
2020-05-13 00:00:00,0.021536,0.02155,0.021331,0.021378,7336.764
2020-05-13 01:00:00,0.021378,0.0214,0.02133,0.021333,4414.657
2020-05-13 02:00:00,0.02133,0.021404,0.02128,0.021394,4948.612
2020-05-13 03:00:00,0.021397,0.021445,0.021373,0.021415,3541.442
2020-05-13 04:00:00,0.021415,0.021434,0.021346,0.02135,4417.356
2020-05-13 05:00:00,0.021351,0.021407,0.021314,0.021388,2620.465
2020-05-13 06:00:00,0.021384,0.02141,0.021354,0.021383,3517.094
2020-05-13 07:00:00,0.021383,0.021424,0.021361,0.021404,7020.513
2020-05-13 08:00:00,0.021404,0.021415,0.02132,0.021358,9632.283
2020-05-13 09:00:00,0.021356,0.021364,0.021301,0.021328,5686.59
2020-05-13 10:00:00,0.021328,0.021339,0.021265,0.021283,6271.45
2020-05-13 11:00:00,0.021283,0.021292,0.021124,0.021138,11735.782
2020-05-13 12:00:00,0.021137,0.021425,0.021115,0.021342,20056.375
2020-05-13 13:00:00,0.021343,0.02144,0.021311,0.021436,16299.217
2020-05-13 14:00:00,0.021433,0.02169,0.021433,0.021657,22301.222
2020-05-13 15:00:00,0.021658,0.021694,0.02159,0.021683,8501.95
2020-05-13 16:00:00,0.021686,0.02173,0.021599,0.021607,12445.812
2020-05-13 17:00:00,0.02161,0.021648,0.021558,0.021619,7206.478
2020-05-13 18:00:00,0.021622,0.021659,0.021593,0.021611,4242.549
2020-05-13 19:00:00,0.021613,0.021665,0.0215,0.021512,5560.135
2020-05-13 20:00:00,0.021507,0.021515,0.02129,0.021313,16760.332
2020-05-13 21:00:00,0.021314,0.021472,0.021115,0.021439,15292.526
2020-05-13 22:00:00,0.021444,0.021483,0.021378,0.021383,9995.707
2020-05-13 23:00:00,0.021386,0.02147,0.02134,0.021442,5594.787
2020-05-14 00:00:00,0.021441,0.02145,0.021321,0.02134,7415.598
2020-05-14 01:00:00,0.021342,0.021364,0.021248,0.021279,6703.23
2020-05-14 02:00:00,0.021279,0.021323,0.021225,0.021297,6898.765
2020-05-14 03:00:00,0.021297,0.021312,0.021233,0.02129,5202.374
2020-05-14 04:00:00,0.021294,0.021294,0.021212,0.021216,4033.147
2020-05-14 05:00:00,0.021216,0.021217,0.021081,0.02109,12360.807
2020-05-14 06:00:00,0.02109,0.021128,0.021032,0.021052,10971.273
2020-05-14 07:00:00,0.021052,0.021152,0.021,0.021016,11724.334
2020-05-14 08:00:00,0.021012,0.021025,0.020864,0.020993,15084.913
2020-05-14 09:00:00,0.020989,0.021063,0.020863,0.020872,15401.858
2020-05-14 10:00:00,0.020876,0.021064,0.020711,0.020941,24405.773
2020-05-14 11:00:00,0.020941,0.020972,0.020854,0.020913,7434.956
2020-05-14 12:00:00,0.020912,0.021081,0.020859,0.021026,10611.654
2020-05-14 13:00:00,0.021022,0.021058,0.020937,0.020957,7444.916
2020-05-14 14:00:00,0.020954,0.020957,0.02076,0.020822,8987.661
2020-05-14 15:00:00,0.020822,0.020859,0.02075,0.020765,7024.871
2020-05-14 16:00:00,0.020766,0.020848,0.020516,0.020591,21050.224
2020-05-14 17:00:00,0.020591,0.020621,0.020483,0.020586,11507.068
2020-05-14 18:00:00,0.020582,0.02072,0.020558,0.020698,8347.441
2020-05-14 19:00:00,0.020696,0.021075,0.02065,0.021061,13458.266
2020-05-14 20:00:00,0.021063,0.021094,0.02069,0.020988,15096.558
2020-05-14 21:00:00,0.020988,0.021032,0.020743,0.020769,4142.793
2020-05-14 22:00:00,0.020768,0.020966,0.020741,0.020892,5697.516
2020-05-14 23:00:00,0.020892,0.020899,0.020701,0.020761,5040.09
2020-05-15 00:00:00,0.020763,0.020827,0.02069,0.02075,5347.619
2020-05-15 01:00:00,0.02075,0.020831,0.020696,0.02071,5574.515
2020-05-15 02:00:00,0.020704,0.021325,0.020684,0.021015,29121.117
2020-05-15 03:00:00,0.021015,0.021104,0.020977,0.02104,7847.331
2020-05-15 04:00:00,0.021045,0.021082,0.020989,0.021047,7063.936
2020-05-15 05:00:00,0.021048,0.021189,0.020968,0.021014,11208.511
2020-05-15 06:00:00,0.021016,0.0211,0.020952,0.021012,9949.999
2020-05-15 07:00:00,0.021013,0.021017,0.020759,0.020803,19612.736
2020-05-15 08:00:00,0.020802,0.020846,0.020738,0.020811,18360.971
2020-05-15 09:00:00,0.020811,0.020877,0.020741,0.020771,18321.284
2020-05-15 10:00:00,0.020773,0.020969,0.020769,0.020852,24347.524
2020-05-15 11:00:00,0.020852,0.020969,0.020847,0.020955,7441.852
2020-05-15 12:00:00,0.020954,0.02098,0.020884,0.02095,7151.833
2020-05-15 13:00:00,0.020952,0.02097,0.020896,0.020919,7420.991
2020-05-15 14:00:00,0.020916,0.02092,0.020847,0.02088,7990.011
2020-05-15 15:00:00,0.020881,0.020992,0.020869,0.020883,20580.435
2020-05-15 16:00:00,0.020884,0.020913,0.020846,0.020854,9045.163
2020-05-15 17:00:00,0.020856,0.020935,0.020839,0.020922,6465.504
2020-05-15 18:00:00,0.020921,0.020942,0.02084,0.020868,6878.37
2020-05-15 19:00:00,0.020867,0.020903,0.020682,0.020844,14023.905
2020-05-15 20:00:00,0.020846,0.020983,0.020753,0.020926,29187.587
2020-05-15 21:00:00,0.020929,0.020964,0.020784,0.020823,18804.943
2020-05-15 22:00:00,0.02083,0.02095,0.020793,0.020943,8241.805
2020-05-15 23:00:00,0.020939,0.021,0.020868,0.020912,10313.218
2020-05-16 00:00:00,0.02091,0.02102,0.020868,0.020942,15967.942
2020-05-16 01:00:00,0.020942,0.020989,0.020876,0.020952,12448.061
2020-05-16 02:00:00,0.020952,0.02113,0.020952,0.02111,13581.532
2020-05-16 03:00:00,0.021105,0.02115,0.021071,0.021117,4646.482
2020-05-16 04:00:00,0.021114,0.021253,0.021079,0.021232,16051.689
2020-05-16 05:00:00,0.021229,0.021256,0.02104,0.021168,11582.379
2020-05-16 06:00:00,0.021167,0.021249,0.02116,0.021219,5045.446
2020-05-16 07:00:00,0.021219,0.021256,0.021153,0.021241,6138.673
2020-05-16 08:00:00,0.021241,0.021295,0.021194,0.021283,11125.089
2020-05-16 09:00:00,0.021283,0.021359,0.021245,0.02126,9958.805
2020-05-16 10:00:00,0.021258,0.021341,0.021255,0.021264,8474.484
2020-05-16 11:00:00,0.021266,0.02132,0.021258,0.021276,5659.704
2020-05-16 12:00:00,0.021276,0.021412,0.021276,0.021358,21001.411
2020-05-16 13:00:00,0.021358,0.021449,0.021328,0.021371,14394.392
2020-05-16 14:00:00,0.021367,0.021394,0.021283,0.021336,7906.107
2020-05-16 15:00:00,0.021336,0.021444,0.021321,0.021395,7002.721
2020-05-16 16:00:00,0.021396,0.021419,0.02127,0.021337,12590.8
2020-05-16 17:00:00,0.021338,0.021389,0.021234,0.021314,7687.43
2020-05-16 18:00:00,0.021321,0.021434,0.021289,0.02143,6972.632
2020-05-16 19:00:00,0.021426,0.021472,0.0214,0.021444,5435.015
2020-05-16 20:00:00,0.021444,0.021472,0.02134,0.021341,3540.117
2020-05-16 21:00:00,0.02134,0.021521,0.021311,0.021481,8485.908
2020-05-16 22:00:00,0.021481,0.021482,0.02137,0.021386,4713.261
2020-05-16 23:00:00,0.021383,0.021408,0.021335,0.02137,4838.953
2020-05-17 00:00:00,0.021369,0.021417,0.021216,0.0213,8777.925
2020-05-17 01:00:00,0.021301,0.02133,0.021232,0.021263,5564.612
2020-05-17 02:00:00,0.021263,0.021263,0.021149,0.021204,9422.414
2020-05-17 03:00:00,0.021204,0.021209,0.021102,0.021111,9120.727
2020-05-17 04:00:00,0.021113,0.02117,0.021083,0.021141,5462.745
2020-05-17 05:00:00,0.021146,0.021175,0.021114,0.021175,4301.027
2020-05-17 06:00:00,0.021175,0.021194,0.021138,0.021178,4074.478
2020-05-17 07:00:00,0.021177,0.021235,0.021158,0.021186,6294.421
2020-05-17 08:00:00,0.021182,0.021223,0.021168,0.021193,7785.185
2020-05-17 09:00:00,0.02119,0.021248,0.021165,0.021219,6211.619
2020-05-17 10:00:00,0.021219,0.021223,0.021167,0.021172,4067.645
2020-05-17 11:00:00,0.021172,0.021195,0.021106,0.021138,5645.927
2020-05-17 12:00:00,0.02114,0.021227,0.020931,0.021181,28431.638
2020-05-17 13:00:00,0.021179,0.021326,0.021179,0.021232,18106.827
2020-05-17 14:00:00,0.021233,0.02142,0.021189,0.021306,10935.075
2020-05-17 15:00:00,0.021307,0.021318,0.021172,0.021253,16932.671
2020-05-17 16:00:00,0.021252,0.02136,0.021212,0.021326,7700.981
2020-05-17 17:00:00,0.021328,0.021366,0.021295,0.021314,4324.928
2020-05-17 18:00:00,0.021314,0.021332,0.021261,0.021295,3931.157
2020-05-17 19:00:00,0.021296,0.021314,0.021232,0.021276,3163.482
2020-05-17 20:00:00,0.021277,0.021343,0.021264,0.021341,7297.03
2020-05-17 21:00:00,0.021344,0.021471,0.021337,0.021399,7194.962
2020-05-17 22:00:00,0.021399,0.02154,0.021345,0.02142,8044.292
2020-05-17 23:00:00,0.021422,0.021438,0.021338,0.02139,3799.228
2020-05-18 00:00:00,0.021387,0.021402,0.021328,0.021336,5166.684
2020-05-18 01:00:00,0.021338,0.0217,0.021314,0.021654,27501.831
2020-05-18 02:00:00,0.021654,0.021741,0.021613,0.021731,11695.178
2020-05-18 03:00:00,0.021731,0.021879,0.021731,0.021808,15109.462
2020-05-18 04:00:00,0.021809,0.021952,0.021768,0.021939,23009.991
2020-05-18 05:00:00,0.021939,0.021956,0.021828,0.021861,11572.293
2020-05-18 06:00:00,0.021858,0.02196,0.02183,0.02193,13874.273
2020-05-18 07:00:00,0.021932,0.021945,0.021879,0.021891,9819.682
2020-05-18 08:00:00,0.021891,0.022263,0.021889,0.022132,34161.548
2020-05-18 09:00:00,0.022135,0.022193,0.021944,0.022012,15851.452
2020-05-18 10:00:00,0.022012,0.022051,0.021961,0.022013,8733.207
2020-05-18 11:00:00,0.022011,0.022021,0.021934,0.022012,6204.228
2020-05-18 12:00:00,0.022012,0.022041,0.021956,0.021971,7770.832
2020-05-18 13:00:00,0.02197,0.022024,0.021943,0.021997,7049.115
2020-05-18 14:00:00,0.021996,0.022004,0.021872,0.0219,7502.573
2020-05-18 15:00:00,0.021902,0.021933,0.021699,0.02185,11133.968
2020-05-18 16:00:00,0.021852,0.021988,0.021743,0.021933,12545.222
2020-05-18 17:00:00,0.021933,0.022038,0.021932,0.022032,6426.662
2020-05-18 18:00:00,0.022032,0.022067,0.021953,0.021959,5106.029
2020-05-18 19:00:00,0.021958,0.022006,0.021901,0.021963,9972.057
2020-05-18 20:00:00,0.021966,0.022031,0.021913,0.021984,5281.66
2020-05-18 21:00:00,0.021986,0.022033,0.021905,0.022031,4561.812
2020-05-18 22:00:00,0.022031,0.022092,0.022001,0.022081,6069.172
2020-05-18 23:00:00,0.022081,0.022104,0.022042,0.022082,5763.973
2020-05-19 00:00:00,0.022082,0.02216,0.021991,0.021996,9105.318
2020-05-19 01:00:00,0.021997,0.022032,0.021967,0.02202,4656.716
2020-05-19 02:00:00,0.02202,0.022066,0.021925,0.022032,5528.145
2020-05-19 03:00:00,0.022032,0.022092,0.021976,0.022066,6713.881
2020-05-19 04:00:00,0.022068,0.02212,0.022021,0.022118,5887.177
2020-05-19 05:00:00,0.02212,0.022137,0.022073,0.022119,7103.498
2020-05-19 06:00:00,0.022121,0.022124,0.022066,0.022112,4158.288
2020-05-19 07:00:00,0.022112,0.022128,0.022067,0.022093,5421.023
2020-05-19 08:00:00,0.022094,0.02211,0.021835,0.021855,12831.363
2020-05-19 09:00:00,0.021854,0.021918,0.02184,0.021878,7815.182
2020-05-19 10:00:00,0.021876,0.021885,0.021837,0.02184,6721.595
2020-05-19 11:00:00,0.02184,0.021966,0.021801,0.021831,9481.148
2020-05-19 12:00:00,0.021834,0.022048,0.021821,0.021935,9617.805
2020-05-19 13:00:00,0.021939,0.022012,0.021906,0.021948,6271.143
2020-05-19 14:00:00,0.021948,0.021973,0.021882,0.02193,3926.453
2020-05-19 15:00:00,0.021929,0.021961,0.021837,0.021928,5400.103
2020-05-19 16:00:00,0.021924,0.022072,0.0219,0.022029,6177.131
2020-05-19 17:00:00,0.02203,0.022067,0.02199,0.022045,4109.413
2020-05-19 18:00:00,0.022043,0.022053,0.02195,0.021974,3383.121
2020-05-19 19:00:00,0.021973,0.022023,0.021918,0.021938,7182.061
2020-05-19 20:00:00,0.021933,0.021933,0.021841,0.021931,4743.383
2020-05-19 21:00:00,0.021932,0.02198,0.021905,0.021935,3491.285
2020-05-19 22:00:00,0.021931,0.022014,0.021853,0.021859,3286.546
2020-05-19 23:00:00,0.021858,0.021953,0.021852,0.021951,2503.505
2020-05-20 00:00:00,0.021948,0.021961,0.021901,0.021943,3296.929
2020-05-20 01:00:00,0.021938,0.021991,0.021908,0.021963,4280.587
2020-05-20 02:00:00,0.021962,0.021987,0.021861,0.021907,4245.696
2020-05-20 03:00:00,0.021907,0.021919,0.021853,0.021894,4286.568
2020-05-20 04:00:00,0.021895,0.021936,0.021889,0.02191,3500.696
2020-05-20 05:00:00,0.021914,0.021937,0.021889,0.021897,3237.238
2020-05-20 06:00:00,0.021897,0.021988,0.021851,0.021885,9860.711
2020-05-20 07:00:00,0.021887,0.021911,0.021834,0.021851,6815.56
2020-05-20 08:00:00,0.02185,0.021905,0.02183,0.021863,4514.545
2020-05-20 09:00:00,0.021862,0.021898,0.021844,0.021869,3242.08
2020-05-20 10:00:00,0.021868,0.021922,0.02182,0.021833,3499.54
2020-05-20 11:00:00,0.021835,0.02191,0.021821,0.021895,4540.82
2020-05-20 12:00:00,0.02189,0.021929,0.021881,0.021898,6157.445
2020-05-20 13:00:00,0.021897,0.021932,0.021865,0.021917,5883.898
2020-05-20 14:00:00,0.021915,0.021933,0.021871,0.021897,5423.677
2020-05-20 15:00:00,0.021894,0.022178,0.02162,0.022094,28762.868
2020-05-20 16:00:00,0.02209,0.022116,0.022003,0.022023,14793.63
2020-05-20 17:00:00,0.022022,0.022083,0.02195,0.021968,4738.96
2020-05-20 18:00:00,0.021967,0.02205,0.021953,0.022008,3999.273
2020-05-20 19:00:00,0.022008,0.022052,0.021968,0.021992,6542.385
2020-05-20 20:00:00,0.021991,0.022013,0.0219,0.021954,3394.151
2020-05-20 21:00:00,0.021955,0.022021,0.021936,0.022004,2531.334
2020-05-20 22:00:00,0.022004,0.022057,0.021961,0.022049,5173.913
2020-05-20 23:00:00,0.022048,0.02213,0.021996,0.022079,5850.44
2020-05-21 00:00:00,0.022076,0.022158,0.02204,0.022125,6867.068
2020-05-21 01:00:00,0.022125,0.022145,0.022083,0.022093,6439.256
2020-05-21 02:00:00,0.022096,0.022143,0.022087,0.022139,5052.163
2020-05-21 03:00:00,0.022142,0.022144,0.022063,0.022076,6383.644
2020-05-21 04:00:00,0.022076,0.022148,0.022053,0.022067,6480.337
2020-05-21 05:00:00,0.022067,0.022087,0.02204,0.022073,3897.525
2020-05-21 06:00:00,0.022073,0.022083,0.022006,0.022017,4994.151
2020-05-21 07:00:00,0.022013,0.022077,0.021995,0.022054,5929.015
2020-05-21 08:00:00,0.022054,0.02218,0.02195,0.022021,16488.921
2020-05-21 09:00:00,0.022022,0.022167,0.021998,0.022167,9759.224
2020-05-21 10:00:00,0.022165,0.022259,0.022093,0.022096,10025.905
2020-05-21 11:00:00,0.022094,0.022163,0.02209,0.02213,6112.106
2020-05-21 12:00:00,0.022129,0.022157,0.022047,0.02205,8580.097
2020-05-21 13:00:00,0.022047,0.022106,0.022042,0.022075,7651.237
2020-05-21 14:00:00,0.022075,0.022159,0.02195,0.022049,21086.404
2020-05-21 15:00:00,0.022049,0.022075,0.021911,0.021933,10687.472
2020-05-21 16:00:00,0.021933,0.021977,0.021886,0.021945,6228.05
2020-05-21 17:00:00,0.021945,0.021984,0.021888,0.02195,6815.26
2020-05-21 18:00:00,0.02195,0.021992,0.02174,0.021762,16906.915
2020-05-21 19:00:00,0.021762,0.021905,0.021755,0.021901,11251.601
2020-05-21 20:00:00,0.021904,0.021969,0.021886,0.021966,6010.377
2020-05-21 21:00:00,0.02197,0.022015,0.02184,0.021851,4585.954
2020-05-21 22:00:00,0.021853,0.02198,0.021818,0.021975,5421.632
2020-05-21 23:00:00,0.021975,0.021992,0.021895,0.021919,6753.229
2020-05-22 00:00:00,0.021917,0.021969,0.021822,0.021961,7705.829
2020-05-22 01:00:00,0.021958,0.021968,0.021867,0.021916,6700.817
2020-05-22 02:00:00,0.021914,0.021942,0.021851,0.021931,4457.161
2020-05-22 03:00:00,0.021935,0.021999,0.021911,0.021921,5927.237
2020-05-22 04:00:00,0.021924,0.022003,0.021914,0.021948,4320.942
2020-05-22 05:00:00,0.021946,0.022012,0.021916,0.021967,4583.651
2020-05-22 06:00:00,0.021967,0.022044,0.021943,0.022025,7243.588
2020-05-22 07:00:00,0.022025,0.022257,0.022025,0.022223,14135.604
2020-05-22 08:00:00,0.022223,0.022238,0.022167,0.022184,8238.869
2020-05-22 09:00:00,0.022185,0.022225,0.022157,0.022223,8434.784
2020-05-22 10:00:00,0.022223,0.022322,0.022133,0.022173,10102.689
2020-05-22 11:00:00,0.022173,0.022191,0.022133,0.02217,7033.909
2020-05-22 12:00:00,0.02217,0.022249,0.022143,0.022148,6242.592
2020-05-22 13:00:00,0.022146,0.022179,0.022052,0.022169,8111.989
2020-05-22 14:00:00,0.022169,0.022238,0.022156,0.022195,8893.841
2020-05-22 15:00:00,0.022197,0.022328,0.022181,0.022248,12441.343
2020-05-22 16:00:00,0.022247,0.022499,0.02224,0.022495,17741.91
2020-05-22 17:00:00,0.022495,0.022624,0.022443,0.022538,10910.925
2020-05-22 18:00:00,0.022542,0.022712,0.02254,0.022618,8487.526
2020-05-22 19:00:00,0.022619,0.022673,0.022545,0.022635,6676.37
2020-05-22 20:00:00,0.022636,0.022712,0.02261,0.022673,5035.441
2020-05-22 21:00:00,0.022673,0.022714,0.022626,0.022637,5302.472
2020-05-22 22:00:00,0.022639,0.022689,0.022613,0.022653,5925.594
2020-05-22 23:00:00,0.022653,0.022655,0.022543,0.022614,9273.49
2020-05-23 00:00:00,0.022614,0.022693,0.022612,0.022628,10109.864
2020-05-23 01:00:00,0.022625,0.022648,0.022576,0.022622,6382.13
2020-05-23 02:00:00,0.022622,0.022794,0.022609,0.022666,8766.869
2020-05-23 03:00:00,0.022667,0.02271,0.022582,0.022609,6058.537
2020-05-23 04:00:00,0.02261,0.022633,0.02254,0.022564,5542.251
2020-05-23 05:00:00,0.02256,0.022563,0.022484,0.022553,12261.981
2020-05-23 06:00:00,0.022552,0.022576,0.022497,0.022522,6398.966
2020-05-23 07:00:00,0.022522,0.022547,0.022446,0.0225,7456.212
2020-05-23 08:00:00,0.022497,0.022573,0.022486,0.022568,6982.959
2020-05-23 09:00:00,0.022568,0.022616,0.022542,0.02256,7077.6
2020-05-23 10:00:00,0.022558,0.022599,0.02254,0.022589,7356.221
2020-05-23 11:00:00,0.022585,0.022626,0.022544,0.022592,7535.113
2020-05-23 12:00:00,0.02259,0.022605,0.022501,0.0226,9371.27
2020-05-23 13:00:00,0.0226,0.022605,0.02249,0.022499,8899.498
2020-05-23 14:00:00,0.022499,0.0226,0.022467,0.022568,8193.757
2020-05-23 15:00:00,0.022569,0.022598,0.022536,0.022581,4119.585
2020-05-23 16:00:00,0.022579,0.022637,0.02249,0.022525,7039.236
2020-05-23 17:00:00,0.022525,0.022571,0.022521,0.022571,4282.099
2020-05-23 18:00:00,0.022568,0.022588,0.022546,0.022568,2732.251
2020-05-23 19:00:00,0.022567,0.022579,0.02254,0.022557,3612.068
2020-05-23 20:00:00,0.022557,0.022617,0.022511,0.022521,4728.19
2020-05-23 21:00:00,0.022521,0.022561,0.0225,0.022547,2246.967
2020-05-23 22:00:00,0.022548,0.022565,0.022506,0.022544,3884.157
2020-05-23 23:00:00,0.022544,0.022568,0.0225,0.022502,4982.874
2020-05-24 00:00:00,0.022504,0.022628,0.0225,0.02254,15546.089
2020-05-24 01:00:00,0.02254,0.022666,0.022522,0.022642,4948.471
2020-05-24 02:00:00,0.022639,0.022757,0.022628,0.022713,10201.405
2020-05-24 03:00:00,0.022713,0.02272,0.022633,0.022687,5701.708
2020-05-24 04:00:00,0.022689,0.022736,0.022636,0.022656,5946.954
2020-05-24 05:00:00,0.022658,0.022723,0.022641,0.022698,3981.505
2020-05-24 06:00:00,0.022698,0.022705,0.022602,0.022651,7228.603
2020-05-24 07:00:00,0.02265,0.02267,0.022612,0.022641,5660.511
2020-05-24 08:00:00,0.022638,0.022666,0.02263,0.022641,4477.63
2020-05-24 09:00:00,0.022641,0.022667,0.022614,0.022628,10057.453
2020-05-24 10:00:00,0.022629,0.022642,0.0226,0.022614,6269.372
2020-05-24 11:00:00,0.022614,0.022632,0.0225,0.02258,13124.239
2020-05-24 12:00:00,0.02258,0.022666,0.022515,0.022617,8212.204
2020-05-24 13:00:00,0.022617,0.0227,0.022595,0.022666,6790.075
2020-05-24 14:00:00,0.022659,0.022693,0.022591,0.022691,9115.369
2020-05-24 15:00:00,0.022691,0.022756,0.022659,0.022694,9984.632
2020-05-24 16:00:00,0.022694,0.02286,0.0226,0.022829,18497.276
2020-05-24 17:00:00,0.022832,0.022839,0.022748,0.022799,8350.358
2020-05-24 18:00:00,0.022799,0.022842,0.022743,0.022779,5589.121
2020-05-24 19:00:00,0.022781,0.022912,0.022722,0.022887,7418.649
2020-05-24 20:00:00,0.022887,0.022958,0.022869,0.022924,6589.034
2020-05-24 21:00:00,0.022921,0.022934,0.022822,0.022858,5631.282
2020-05-24 22:00:00,0.022858,0.022881,0.022794,0.022818,7470.287
2020-05-24 23:00:00,0.022819,0.023204,0.022777,0.022928,17069.302
2020-05-25 00:00:00,0.022924,0.02307,0.02287,0.02303,13664.786
2020-05-25 01:00:00,0.02303,0.023079,0.022989,0.023068,8247.06
2020-05-25 02:00:00,0.023068,0.023077,0.022989,0.023024,7299.503
2020-05-25 03:00:00,0.023023,0.023036,0.022977,0.023028,6089.935
2020-05-25 04:00:00,0.023028,0.023072,0.023023,0.023045,5298.724
2020-05-25 05:00:00,0.023049,0.023055,0.022973,0.023001,6407.279
2020-05-25 06:00:00,0.023003,0.023134,0.022957,0.023074,8756.359
2020-05-25 07:00:00,0.023074,0.023124,0.023002,0.023036,9395.625
2020-05-25 08:00:00,0.02303,0.023058,0.022971,0.022994,6723.149
2020-05-25 09:00:00,0.022996,0.023189,0.022993,0.023118,9515.581
2020-05-25 10:00:00,0.023119,0.023244,0.023115,0.023219,9129.459
2020-05-25 11:00:00,0.02322,0.02324,0.023098,0.023116,7084.169
2020-05-25 12:00:00,0.023118,0.023219,0.023113,0.023162,7838.458
2020-05-25 13:00:00,0.023164,0.023173,0.023107,0.023119,7401.735
2020-05-25 14:00:00,0.023118,0.023135,0.023048,0.023111,8200.084
2020-05-25 15:00:00,0.023108,0.023142,0.023059,0.023079,7326.897
2020-05-25 16:00:00,0.023083,0.023126,0.023055,0.023084,5542.454
2020-05-25 17:00:00,0.023085,0.023125,0.023,0.02303,10815.963
2020-05-25 18:00:00,0.02303,0.023112,0.022981,0.023008,15610.073
2020-05-25 19:00:00,0.023011,0.023051,0.0229,0.022925,9424.134
2020-05-25 20:00:00,0.022921,0.022994,0.022906,0.022979,4033.143
2020-05-25 21:00:00,0.022975,0.023028,0.022908,0.022949,3142.021
2020-05-25 22:00:00,0.022943,0.02298,0.02287,0.022898,4834.906
2020-05-25 23:00:00,0.022901,0.022955,0.02288,0.022937,5575.918
2020-05-26 00:00:00,0.022937,0.022995,0.022895,0.022937,6482.092
2020-05-26 01:00:00,0.022937,0.023035,0.022937,0.023011,5012.153
2020-05-26 02:00:00,0.023012,0.023015,0.022932,0.022986,5082.228
2020-05-26 03:00:00,0.022983,0.02299,0.022942,0.022968,4208.708
2020-05-26 04:00:00,0.022965,0.022967,0.022889,0.022898,5282.643
2020-05-26 05:00:00,0.022897,0.022915,0.022836,0.022845,5349.65
2020-05-26 06:00:00,0.022845,0.022849,0.022737,0.022778,11857.865
2020-05-26 07:00:00,0.022778,0.022842,0.022732,0.022735,9810.299
2020-05-26 08:00:00,0.022733,0.022747,0.022649,0.022694,10243.122
2020-05-26 09:00:00,0.022693,0.022839,0.022645,0.022827,9193.239
2020-05-26 10:00:00,0.022825,0.02292,0.022768,0.02282,8086.76
2020-05-26 11:00:00,0.02282,0.022829,0.022765,0.022786,8222.728
2020-05-26 12:00:00,0.022786,0.022875,0.02273,0.022796,12225.408
2020-05-26 13:00:00,0.022793,0.022864,0.02277,0.022861,10417.154
2020-05-26 14:00:00,0.02286,0.022875,0.022808,0.022814,6789.24
2020-05-26 15:00:00,0.022814,0.022823,0.022605,0.02265,18595.827
2020-05-26 16:00:00,0.022649,0.02272,0.022598,0.022685,11062.064
2020-05-26 17:00:00,0.022685,0.022747,0.022665,0.022694,6896.603
2020-05-26 18:00:00,0.022694,0.022732,0.022669,0.02271,5298.221
2020-05-26 19:00:00,0.022708,0.022733,0.022647,0.022648,7724.362
2020-05-26 20:00:00,0.022648,0.022832,0.022608,0.022814,6887.686
2020-05-26 21:00:00,0.022814,0.022842,0.022721,0.022742,4411.024
2020-05-26 22:00:00,0.022744,0.0228,0.022721,0.022763,3888.309
2020-05-26 23:00:00,0.022762,0.022772,0.022722,0.022725,3603.075
2020-05-27 00:00:00,0.022726,0.022768,0.02269,0.022703,4892.455
2020-05-27 01:00:00,0.022705,0.022756,0.022696,0.022738,5182.265
2020-05-27 02:00:00,0.022733,0.022847,0.022723,0.022823,6989.76
2020-05-27 03:00:00,0.022827,0.022842,0.022796,0.022839,3596.839
2020-05-27 04:00:00,0.022842,0.022862,0.022772,0.022783,3767.903
2020-05-27 05:00:00,0.022781,0.02293,0.022752,0.022923,5300.801
2020-05-27 06:00:00,0.022925,0.023024,0.022925,0.022968,10619.31
2020-05-27 07:00:00,0.02297,0.02297,0.022914,0.022937,5519.995
2020-05-27 08:00:00,0.022937,0.022953,0.022782,0.022826,13155.615
2020-05-27 09:00:00,0.022824,0.02287,0.022818,0.02285,12031.225
2020-05-27 10:00:00,0.022854,0.022868,0.02255,0.022594,19302.298
2020-05-27 11:00:00,0.022592,0.022633,0.022553,0.022569,9920.621
2020-05-27 12:00:00,0.022574,0.022621,0.022529,0.022585,11233.269
2020-05-27 13:00:00,0.022585,0.022599,0.0225,0.022509,8857.662
2020-05-27 14:00:00,0.022513,0.02257,0.022447,0.022466,7566.299
2020-05-27 15:00:00,0.022466,0.022533,0.022421,0.022524,10055.278
2020-05-27 16:00:00,0.022524,0.022576,0.022516,0.022538,6878.409
2020-05-27 17:00:00,0.022538,0.022582,0.022507,0.022519,5932.246
2020-05-27 18:00:00,0.022524,0.022584,0.022523,0.022548,4175.323
2020-05-27 19:00:00,0.022549,0.022551,0.022492,0.022546,7027.992
2020-05-27 20:00:00,0.022546,0.022561,0.022508,0.022519,2807.847
2020-05-27 21:00:00,0.022519,0.022663,0.02249,0.022644,5278.198
2020-05-27 22:00:00,0.022646,0.022684,0.022602,0.022647,5814.867
2020-05-27 23:00:00,0.022644,0.022706,0.022587,0.022634,7984.715
2020-05-28 00:00:00,0.022634,0.022643,0.022496,0.02251,6024.004
